Period,Category,Store,Address,Length
1/1/94,Accessories,Claire's Boutique,E114,4
1/1/94,Accessories,Claire's Boutique,N394,4
1/1/94,Accessories,Fossil,E262,4
1/1/94,Accessories,Hearts Desire/Brighton Shoes,E168,4
1/1/94,Accessories,Just Silver,E314,4
1/1/94,Accessories,Keeping Time,N365,4
1/1/94,Accessories,Sox Appeal,W391,4
1/1/94,Accessories,Sunglass Hut,N294,4
1/1/94,Accessories,Sunglass Hut,W108,4
1/1/94,Accessories,Sunglass Hut,E266,4
1/1/94,Accessories,Sunglass Hut,W360,4
1/1/94,Accessories,Watch World International,E275,4
1/1/94,Apparel-Children'S,abercrombie,W209,4
1/1/94,Apparel-Children'S,Authentic Northern Reflections,W144,4
1/1/94,Apparel-Children'S,Baby Place,N276,4
1/1/94,Apparel-Children'S,Children's Place,S110,4
1/1/94,Apparel-Children'S,Gap Kids/baby Gap,S160,4
1/1/94,Apparel-Children'S,GymBaby,N288,4
1/1/94,Apparel-Children'S,Gymboree,S140,4
1/1/94,Apparel-Children'S,"Kids ""R"" Us",E212,4
1/1/94,Apparel-Children'S,Limited Too,W200,4
1/1/94,Apparel-Children'S,Northern Experience,S200,4
1/1/94,Apparel-Children'S,Old Navy Clothing,E248,4
1/1/94,Apparel-Children'S,Zutopia,E268,4
1/1/94,Apparel-Men'S,Desmond's Formalwear,N364,4
1/1/94,Apparel-Men'S,Gap Men,S132,4
1/1/94,Apparel-Men'S,InSeta,N392,4
1/1/94,Apparel-Men'S,Mr. Rags,N275,4
1/1/94,Apparel-Men'S,Pacific Sunwear,N144,4
1/1/94,Apparel-Men'S,Ralph Marlin,E208,4
1/1/94,Apparel-Men'S,Structure,W208,4
1/1/94,Luggage,Bentley's Luggage & Gifts,W158,4
1/1/94,Luggage,Elanté,E163,4
1/1/94,Luggage,Trappings,W274,4
1/1/94,Convenience,Dollar Tree,E336,4
1/1/94,Convenience,The Drug Store,E200,4
1/1/94,Convenience,Holiday Convenience Store,W123,4
1/1/94,Convenience,Street Corner News,E122,4
1/1/94,Convenience,Street Corner News,N122,4
1/1/94,Trademark,Disney Store,S258,4
1/1/94,Trademark,Nordic Track,W133,4
1/1/94,Trademark,Warner Bros. Studio Store,W236,4
1/1/94,Photography,Amazing Pictures,N366,4
1/1/94,Photography,Glamour Kids,E108,4
1/1/94,Photography,Glamour Shots,E104,4
1/1/94,Photography,Photos To Go,W110,4
1/1/94,Photography,Ritz Camera One Hour Photo,N114,4
1/1/94,Photography,Ritz Camera One Hour Photo,N367,4
1/1/94,Optical,LensCrafters,E344,4
1/1/94,Optical,LensCrafters Optique,W296,4
1/1/94,Optical,Pearle Vision Express,N236,4
1/1/94,Jewelry,"Bailey, Banks & Biddle",E142,4
1/1/94,Jewelry,Bergstrom Jewelers,W132,4
1/1/94,Jewelry,Black Hills Gold Jewelers,E357,4
1/1/94,Jewelry,Elegant Illusions,N218,4
1/1/94,Jewelry,Goodman Jewelers,N174,4
1/1/94,Jewelry,Gordon's Jewelers,E296,4
1/1/94,Jewelry,Helzberg Diamonds,W154,4
1/1/94,Jewelry,Hoff Jewelry Company,S292,4
1/1/94,Jewelry,King Jewelers,E280,4
1/1/94,Jewelry,Lundstrom Jewelers,E112,4
1/1/94,Jewelry,Osterman's Jewelers,W278,4
1/1/94,Jewelry,Ultra,N124,4
1/1/94,Jewelry,Wedding Day Jewelers,W268,4
1/1/94,Jewelry,Whitehall Jewellers,N127,4
1/1/94,Jewelry,Zales,E240,4
1/1/94,Home Furnishings,The Afternoon,S290,4
1/1/94,Home Furnishings,Cabin Fever,W372,4
1/1/94,Home Furnishings,The Cutlery,W385,4
1/1/94,Home Furnishings,Eddie Bauer Home Collection,W230,4
1/1/94,Home Furnishings,INDULGE by Hillcrest,S212,4
1/1/94,Home Furnishings,Into the Woods,S225,4
1/1/94,Home Furnishings,Gadgets & More by Kitchen Collection,N312,4
1/1/94,Home Furnishings,Linens-N-Things,E338,4
1/1/94,Home Furnishings,Liten Hus,S208,4
1/1/94,Home Furnishings,Mi Casa,S112,4
1/1/94,Home Furnishings,Pottery Barn,W260,4
1/1/94,Home Furnishings,Remington Shavers & Knives,E372,4
1/1/94,Home Furnishings,Seasonal Concepts,N120,4
1/1/94,Home Furnishings,Select Comfort Air Sleep Systems,E292,4
1/1/94,Home Furnishings,This End Up,W135,4
1/1/94,Home Furnishings,The Tiffany Collection,W288,4
1/1/94,Home Furnishings,Williams-Sonoma,W262,4
1/1/94,Home Furnishings,Wood Factory Furniture and Home Decor,N270,4
1/1/94,Accessories,Afterthoughts,N192,4
1/1/94,Accessories,Afterthoughts,W390,4
1/1/94,Accessories,Bead It!,W383,4
1/1/94,Health & Beauty,Basin,E154,4
1/1/94,Health & Beauty,Bath & Body Works,S143,4
1/1/94,Health & Beauty,Bath & Body Works,N172,4
1/1/94,Health & Beauty,The Body Shop,W148,4
1/1/94,Health & Beauty,Bodyline Mediteranean Spa,S300,4
1/1/94,Health & Beauty,Crabtree and Evelyn,S170,4
1/1/94,Health & Beauty,General Nutrition Center,N258,4
1/1/94,Health & Beauty,L.A. Nails Salon,W364,4
1/1/94,Health & Beauty,Mastercuts,E368,4
1/1/94,Health & Beauty,Nail Trix,E363,4
1/1/94,Health & Beauty,Origins,W292,4
1/1/94,Health & Beauty,Perfumania,N219,4
1/1/94,Health & Beauty,Perfumania,S168,4
1/1/94,Health & Beauty,Progressions Aveda Salon,W134,4
1/1/94,Health & Beauty,Regis Hairstylists,E152,4
1/1/94,Health & Beauty,Trade Secret,W138,4
1/1/94,Health & Beauty,Victoria's Secret Fragrance,S154,4
1/1/94,Gifts,Sanrio Gift Gate,E290,4
1/1/94,Gifts,Seasonal Concepts,N120,4
1/1/94,Gifts,Sharper Image,S206,4
1/1/94,Gifts,Spencer Gifts,N368,4
1/1/94,Gifts,Spirit of the Red Horse,W387,4
1/1/94,Gifts,St. Patrick's Guild,N116,4
1/1/94,Gifts,Stamp Away,E304,4
1/1/94,Gifts,Store of Knowlege-KTCA 2,N268,4
1/1/94,Gifts,Successories,E156,4
1/1/94,Gifts,Things Remembered,W362,4
1/1/94,Gifts,Tomorrow's Treasures,E145,4
1/1/94,Gifts,The Väase,E315,4
1/1/94,Gifts,White Barn Candle,W206,4
1/1/94,Gifts,Wicks 'N' Sticks,E282,4
1/1/94,Gifts,Wild Bird Store,S224,4
1/1/94,Gifts,Yankee Candle,N286,4
1/1/94,Hobby,Charlie Novelties Beer & Collectible,N168,4
1/1/94,Hobby,CJ's Casino Emporium,E370,4
1/1/94,Hobby,Crazy About Cars,E246,4
1/1/94,Hobby,Field of Dreams,E160,4
1/1/94,Hobby,Magic Max,E348,4
1/1/94,Hobby,Pro Motorsports,N308,4
1/1/94,Hobby,Runkel Brothers American Garage,N314,4
1/1/94,Gifts,The Fun Shop,N378,4
1/1/94,Gifts,Hologram Land,E284,4
1/1/94,Gifts,Irish Indeed,N142,4
1/1/94,Gifts,Lake Wobegon USA,E350,4
1/1/94,Gifts,Love From Minnesota,W380,4
1/1/94,Gifts,Mac Birdie Golf Gifts,E352,4
1/1/94,Gifts,Magnetic Attractions,N132,4
1/1/94,Gifts,Mall of America Gift Store,E110,4
1/1/94,Gifts,Mall of America Gift Store,N128,4
1/1/94,Gifts,Mall of America Gift Store,S322,4
1/1/94,Gifts,Mary Engelbreit,W160,4
1/1/94,Gifts,Minnesot-ah!,E157,4
1/1/94,Gifts,Mrs. Anderson's Personalized Gifts,W368,4
1/1/94,Gifts,The Museum Company,S184,4
1/1/94,Gifts,Natural Wonders,S254,4
1/1/94,Gifts,RAZZ,E214,4
1/1/94,Gifts,San Francisco Music Box Co.,W156,4
1/1/94,Food,Pretzel Time,W384,4
1/1/94,Food,Rocky Mountain Chocolate Factory,E128,4
1/1/94,Food,Rybicki Cheese,W382,4
1/1/94,Food,Subway,E244,4
1/1/94,Food,Torpedo Joe's/Old Navy,E248,4
1/1/94,Gifts,A Simpler Time,S284,4
1/1/94,Gifts,The Afternoon,S290,4
1/1/94,Gifts,Alamo Flags,E362,4
1/1/94,Gifts,Alpaca Connection,E367,4
1/1/94,Gifts,Animal Lover,W161,4
1/1/94,Gifts,Babushka,E285,4
1/1/94,Gifts,Basic Brown Bear Factory,N154,4
1/1/94,Gifts,Brookstone,W162,4
1/1/94,Gifts,Candleman,W386,4
1/1/94,Gifts,Legacy Cigar Company,W388,4
1/1/94,Gifts,Colorado Pen Company,S222,4
1/1/94,Gifts,Dapy,N232,4
1/1/94,Gifts,Department 56,N300,4
1/1/94,Gifts,Dogs & Cats,N316,4
1/1/94,Gifts,Endangered Species,S255,4
1/1/94,Gifts,European Gift Shop,N170,4
1/1/94,Gifts,Forever Green,N384,4
1/1/94,Gifts,Franklin Mint,S180,4
1/1/94,Food,B Sweet,N272,4
1/1/94,Food,Barnes & Noble Café,E118,4
1/1/94,Food,Breslers Ice Cream and Yogurt,N372,4
1/1/94,Food,Calido Chile Traders,E174,4
1/1/94,Food,Candy Candy!,W392,4
1/1/94,Food,Candy is Dandy,E164,4
1/1/94,Food,Candyland,W366,4
1/1/94,Food,Caribou Coffee,S380,4
1/1/94,Food,Cinnabon,E180,4
1/1/94,Food,"The Coffee Beanery, Ltd.",N194,4
1/1/94,Food,"Dairy Queen, Karmel Korn",E281,4
1/1/94,Food,Fanny Farmer,E316,4
1/1/94,Food,Freshens Yogurt,N126,4
1/1/94,Food,Freshens Yogurt,S336,4
1/1/94,Food,Garlic Shoppe,W326,4
1/1/94,Food,Gloria Jean Gourmet Coffees,E306,4
1/1/94,Food,Gloria Jean Gourmet Coffees,W166,4
1/1/94,Food,Godiva Chocolatier,W126,4
1/1/94,Food,Great American Cookie Co.,E283,4
1/1/94,Food,Häägen-Dazs,E356,4
1/1/94,Food,Healthy Express,S126,4
1/1/94,Food,Maison du Popcorn,N266,4
1/1/94,Food,Mr. Bulky Treats & Gifts,E360,4
1/1/94,Food,Orange Julius,W130,4
1/1/94,Food,The Original Cookie Co.,N269,4
1/1/94,Food-Fast Food,Arby's,N346,4
1/1/94,Food-Fast Food,Burger King,N330,4
1/1/94,Food-Fast Food,Cajun Café Grill,N336,4
1/1/94,Food-Fast Food,Frullati Cafe,N342,4
1/1/94,Food-Fast Food,Gyro & Grill,N329,4
1/1/94,Food-Fast Food,Little Tokyo,N335,4
1/1/94,Food-Fast Food,Luca's Pizza Villa,N340,4
1/1/94,Food-Fast Food,Original Corn Dog,N328,4
1/1/94,Food-Fast Food,Panda Express,N350,4
1/1/94,Food-Fast Food,Steak Escape,N344,4
1/1/94,Food-Fast Food,Taco Bell,N338,4
1/1/94,Food-Fast Food,A&W Hot Dogs & More,S376,4
1/1/94,Food-Fast Food,Baja Tortilla Grill,S392,4
1/1/94,Food-Fast Food,Cajun Café Grill,S386,4
1/1/94,Food-Fast Food,Corn Dog Plus,S384,4
1/1/94,Food-Fast Food,The Great Steak & Fry Co.,S388,4
1/1/94,Food-Fast Food,Hibachi-San,S372,4
1/1/94,Food-Fast Food,Johnny Rockets,S370,4
1/1/94,Food-Fast Food,Kato's Grill & BBQ,S391,4
1/1/94,Food-Fast Food,Minnesota Picnic,S379,4
1/1/94,Food-Fast Food,1 Potato 2,S378,4
1/1/94,Food-Fast Food,Panda Express,S374,4
1/1/94,Food-Fast Food,Sbarro,S390,4
1/1/94,Food-Restaurants,Alamo Grill,S396,4
1/1/94,Food-Restaurants,Albert's Family Restaurant,S344,4
1/1/94,Food-Restaurants,America Live!,E402,4
1/1/94,Food-Restaurants,America's Original Sports Bar,E402,4
1/1/94,Food-Restaurants,Café Odyssey,S320,4
1/1/94,Food-Restaurants,California Café,S368,4
1/1/94,Food-Restaurants,Fat Tuesday Daiquiri Bar & Fun Eatery,E407,4
1/1/94,Food-Restaurants,Gators,E408,4
1/1/94,Food-Restaurants,Hooters,E404,4
1/1/94,Food-Restaurants,Mandarin Garden,E216,4
1/1/94,Food-Restaurants,Napa Valley Grille,W220,4
1/1/94,Food-Restaurants,Planet Hollywood,S402,4
1/1/94,Food-Restaurants,Players,E402,4
1/1/94,Food-Restaurants,Rainforest Cafe,S102,4
1/1/94,Food-Restaurants,Ruby Tuesday,N234,4
1/1/94,Food-Restaurants,Tony Roma's,S346,4
1/1/94,Food-Restaurants,Tucci Benucch,W114,4
1/1/94,Food-Restaurants,Twin City Grill,N130,4
1/1/94,Food-Specialty,Auntie Anne's,E242,4
1/1/94,Music/Electronics/Video,Suncoast Motion Picture Company,E126,4
1/1/94,Music/Electronics/Video,Wizards of the Coast,N251,4
1/1/94,Entertainment-Family,Golf Mountain,N376,4
1/1/94,Entertainment-Family,"Great Cars, Great Trucks/ DaimlerChrysler",W120,4
1/1/94,Entertainment-Family,LEGO Imagination Center,S164,4
1/1/94,Entertainment-Family,Nascar Silicon Motor Speedway,S352,4
1/1/94,Entertainment-Family,Underwater World,E120,4
1/1/94,Entertainment-Nightclubs,America Live!,E402,4
1/1/94,Entertainment-Nightclubs,America's Original Sports Bar,E402,4
1/1/94,Entertainment-Nightclubs,Fat Tuesday Daiquiri Bar & Fun Eatery,E407,4
1/1/94,Entertainment-Nightclubs,Flashbaxx,E402,4
1/1/94,Entertainment-Nightclubs,Gators,E408,4
1/1/94,Entertainment-Nightclubs,Knucklehead's,E406,4
1/1/94,Entertainment-Nightclubs,Ltl Ditty's,E402,4
1/1/94,Entertainment-Theatres,General Cinema 14 Theaters,S401,4
1/1/94,Junior Department Stores,Marshalls,E320,4
1/1/94,Junior Department Stores,Nordstrom Rack,W324,4
1/1/94,Junior Department Stores,Old Navy Clothing,E138,4
1/1/94,Junior Department Stores,Oshman's Super Sports USA,W340,4
1/1/94,Music/Electronics/Video,Aerial Communications,N382,4
1/1/94,Music/Electronics/Video,AT&T Wireless Services,E302,4
1/1/94,Music/Electronics/Video,Barnes & Noble Music,E118,4
1/1/94,Music/Electronics/Video,Circuit City Express,E148,4
1/1/94,Music/Electronics/Video,E.B.X.,E342,4
1/1/94,Music/Electronics/Video,Electronics Boutique,E124,4
1/1/94,Music/Electronics/Video,EZ Call Stationers,E217,4
1/1/94,Music/Electronics/Video,Funcoland,N220,4
1/1/94,Music/Electronics/Video,Gamestop,W152,4
1/1/94,Music/Electronics/Video,Radio Shack,N148,4
1/1/94,Music/Electronics/Video,Record Town,E272,4
1/1/94,Music/Electronics/Video,Sam Goody,N356,4
1/1/94,Music/Electronics/Video,Sam Goody,S138,4
1/1/94,Music/Electronics/Video,Sam Goody Classics,N354,4
1/1/94,Music/Electronics/Video,Saturday Matinee,E270,4
1/1/94,Novelty,As Seen on T.V.,E366,4
1/1/94,Novelty,Big Dog Sportswear,N108,4
1/1/94,Novelty,Chapel of Love Wedding Chapel,E345,4
1/1/94,Novelty,Destination Minnesota,E260,4
1/1/94,Novelty,Hartfield & Company,W270,4
1/1/94,Arts & Crafts,Art-A-Craft,N370,4
1/1/94,Arts & Crafts,Deck the Walls,W142,4
1/1/94,Arts & Crafts,Grassland Gallery,W286,4
1/1/94,Arts & Crafts,Prints Plus,N260,4
1/1/94,Arts & Crafts,Thomas Kincade Gallery,S286,4
1/1/94,Arts & Crafts,Wild Wings Gallery,N224,4
1/1/94,Arts & Crafts,Wooden Bird,N186,4
1/1/94,Books & Stationery,Amy's Hallmark,N214,4
1/1/94,Books & Stationery,Atlantic Book Warehouse,S358,4
1/1/94,Books & Stationery,B. Dalton Bookseller,N184,4
1/1/94,Books & Stationery,Barnes & Noble,E118,4
1/1/94,Books & Stationery,Franklin Covey,W140,4
1/1/94,Books & Stationery,Kim's Hallmark,S340,4
1/1/94,Books & Stationery,Lemstone Books,N216,4
1/1/94,Apparel-Women’S Ready To Wear,Contempo Casuals,S262,4
1/1/94,Apparel-Women’S Ready To Wear,Deb/Deb Plus,N151,4
1/1/94,Apparel-Women’S Ready To Wear,Express,W204,4
1/1/94,Apparel-Women’S Ready To Wear,Foxmoor,E330,4
1/1/94,Apparel-Women’S Ready To Wear,Gap Women,S162,4
1/1/94,Apparel-Women’S Ready To Wear,Georgiou,S282,4
1/1/94,Apparel-Women’S Ready To Wear,Juxtapose,N278,4
1/1/94,Apparel-Women’S Ready To Wear,Kiwi Beach,W128,4
1/1/94,Apparel-Women’S Ready To Wear,Lerner New York,S144,4
1/1/94,Apparel-Women’S Ready To Wear,The Limited,W210,4
1/1/94,Apparel-Women’S Ready To Wear,Rave,N166,4
1/1/94,Apparel-Women’S Ready To Wear,Timbuktu Station,S178,4
1/1/94,Apparel-Women’S Ready To Wear,Wet Seal,N159,4
1/1/94,Apparel-Athletic Clothing,Custom College Shop,E100,4
1/1/94,Apparel-Athletic Clothing,Hat Zone,W369,4
1/1/94,Apparel-Athletic Clothing,Hat Zone of America,E178,4
1/1/94,Apparel-Athletic Clothing,Lids,E134,4
1/1/94,Apparel-Athletic Clothing,Lids,N373,4
1/1/94,Apparel-Athletic Clothing,Speedo Authentic Fitness,W131,4
1/1/94,Apparel-Athletic Clothing,Sports Factory,E346,4
1/1/94,Apparel-Athletic Clothing,Team Choice,N274,4
1/1/94,Apparel-Woman'S Specialty,5-7-9 Shop,N190,4
1/1/94,Apparel-Woman'S Specialty,August Max Woman,S260,4
1/1/94,Apparel-Woman'S Specialty,Everything But Water,W290,4
1/1/94,Apparel-Woman'S Specialty,Everything But Water Too,W294,4
1/1/94,Apparel-Woman'S Specialty,Lane Bryant,S230,4
1/1/94,Apparel-Woman'S Specialty,Motherhood Maternity,S228,4
1/1/94,Apparel-Woman'S Specialty,Petite Sophisticates,S272,4
1/1/94,Apparel-Woman'S Specialty,Tall Girl,W282,4
1/1/94,Apparel-Woman'S Specialty,Victoria's Secret,N178,4
1/1/94,Apparel-Woman'S Specialty,Victoria's Secret,S238,4
1/1/94,Apparel-Women'S Ready To Wear,Ann Taylor,S218,4
1/1/94,Apparel-Women'S Ready To Wear,Arden B,S136,4
1/1/94,Apparel-Women'S Ready To Wear,b.b.s.p.,N104,4
1/1/94,Apparel-Women'S Ready To Wear,Benetton,W146,4
1/1/94,Apparel-Women'S Ready To Wear,Braun's Sport,S152,4
1/1/94,Apparel-Women'S Ready To Wear,Caché,W258,4
1/1/94,Apparel-Women'S Ready To Wear,Casual Corner,S276,4
1/1/94,Apparel-Women'S Ready To Wear,Chico's,W276,4
1/1/94,Apparel-Women'S Ready To Wear,Christopher & Banks (Braun's),S270,4
1/1/94,Apparel-Men'S & Women'S,Abercrombie & Fitch,N200,4
1/1/94,Apparel-Men'S & Women'S,Abercrombie & Fitch Outlet,N306,4
1/1/94,Apparel-Men'S & Women'S,Aeropostale,N118,4
1/1/94,Apparel-Men'S & Women'S,AKA by Eddie Bauer,W232,4
1/1/94,Apparel-Men'S & Women'S,American Eagle Outfitters,N248,4
1/1/94,Apparel-Men'S & Women'S,American Eagle Outfitters,S120,4
1/1/94,Apparel-Men'S & Women'S,Authentic Northern Reflections,W144,4
1/1/94,Apparel-Men'S & Women'S,Banana Republic,S166,4
1/1/94,Apparel-Men'S & Women'S,Brooks Brothers,S174,4
1/1/94,Apparel-Men'S & Women'S,The Buckle,N101,4
1/1/94,Apparel-Men'S & Women'S,City Shirts,N375,4
1/1/94,Apparel-Men'S & Women'S,d.e.m.o.,N140,4
1/1/94,Apparel-Men'S & Women'S,Eddie Bauer,W234,4
1/1/94,Apparel-Men'S & Women'S,Guess,S214,4
1/1/94,Apparel-Men'S & Women'S,Hemp's/Sativa's Closet,S382,4
1/1/94,Apparel-Men'S & Women'S,Hot Topic,E179,4
1/1/94,Apparel-Men'S & Women'S,Leather Limited,N136,4
1/1/94,Apparel-Men'S & Women'S,Limbo Lounge,N162,4
1/1/94,Apparel-Men'S & Women'S,Minnesota Sweatshirt,W327,4
1/1/94,Apparel-Men'S & Women'S,Northern Experience,S200,4
1/1/94,Apparel-Men'S & Women'S,Old Navy Clothing,E138,4
1/1/94,Apparel-Men'S & Women'S,Ragstock,N106,4
1/1/94,Apparel-Men'S & Women'S,RCC Western Wear,N180,4
1/1/94,Apparel-Men'S & Women'S,Wilson's/The Leather Experts,S142,4
9/1/07,Travel,Custom College Shop,E100,4
9/1/07,Travel,Footaction USA,E102,4
9/1/07,Travel,Glamour Shots,E104,4
9/1/07,Travel,Glamour Shots Kids,E108,4
9/1/07,Travel,Mall of America Gift Store,E110,4
9/1/07,Travel,Lundstrom Jewelers,E112,4
9/1/07,Restaurants & Quick Serve Restaurants,P.B.Loco Peanutbutterlicious Café,E114,4
9/1/07,Travel,Barnes & Noble,E118,4
9/1/07,Travel,Underwater Adventures® Aquarium,E120,4
9/1/07,Travel,Street Corner News,E122,4
9/1/07,Travel,For Love 21,E126,4
9/1/07,Restaurants & Quick Serve Restaurants,Rocky Mountain Chocolate Factory,E128,4
9/1/07,Restaurants & Quick Serve Restaurants,Haagen Dazs,E130,4
9/1/07,Travel,Old Navy,E138,4
9/1/07,Travel,Charlotte Russe,E141,4
9/1/07,Travel,Ultra Diamonds,E142,4
9/1/07,Travel,Johnston & Murphy,E144,4
9/1/07,Travel,Glitz!,E145,4
9/1/07,Travel,Clarks,E146,4
9/1/07,Travel,Ridemakerz,E148,4
9/1/07,Travel,Regis Salons,E152,4
9/1/07,Travel,Basin,E154,4
9/1/07,Travel,Field of Dreams,E156,4
9/1/07,Travel,Minnesot-ah!,E157,4
9/1/07,Travel,The Hockey Lodge,E160,4
9/1/07,Travel,Swatch,E162,4
9/1/07,Restaurants & Quick Serve Restaurants,Starbucks Coffee Company,E164,4
9/1/07,Travel,QVC @ The Mall,E168,4
9/1/07,Travel,Build-A-Bear Workshop®,E170,4
9/1/07,Travel,friends 2B made®,E172,4
9/1/07,Travel,Claire's Boutique,E179,4
9/1/07,Restaurants & Quick Serve Restaurants,Cinnabon,E180,4
9/1/07,Travel,Daniel's Leather,E200,4
9/1/07,Travel,Irish Indeed!,E201,4
9/1/07,Travel,"Buckle, The",E203,4
9/1/07,Travel,Ralph Marlin Ties,E208,4
9/1/07,Women's Fashions,Forever 21,E212,4
9/1/07,Travel,Money Xchange,E218,4
9/1/07,Travel,Zales,E240,4
9/1/07,Travel,"Finish Line, The",E241,4
9/1/07,Restaurants & Quick Serve Restaurants,Auntie Anne's,E242,4
9/1/07,Travel,Pac Sun,E246,4
9/1/07,Travel,Old Navy,E248,4
9/1/07,Travel,Underground Station,E258,4
9/1/07,Travel,Destination Minnesota,E260,4
9/1/07,Travel,Fossil,E262,4
9/1/07,Travel,Sunglass Hut,E266,4
9/1/07,Travel,Shi by Journeys,E268,4
9/1/07,Travel,Kids Foot Locker,E272,4
9/1/07,Travel,Lady Foot Locker,E272,4
9/1/07,Travel,Watch World International,E275,4
9/1/07,Restaurants & Quick Serve Restaurants,Godiva Chocolatier,E278,4
9/1/07,Travel,As Seen On T.V.,E282,4
9/1/07,Restaurants & Quick Serve Restaurants,Nestle Toll House Café,E283,4
9/1/07,Travel,GameStop,E284,4
9/1/07,Travel,Trade Secret,E285,4
9/1/07,Travel,Ritz Camera,E290,4
9/1/07,Travel,Select Comfort,E292,4
9/1/07,Travel,Gordon's Jewelers,E296,4
9/1/07,Travel,Heakin Research,E300,4
9/1/07,Travel,AT&T;,E302,4
9/1/07,Restaurants & Quick Serve Restaurants,Gloria Jean's Gourmet Coffee,E306,4
9/1/07,Travel,Just Silver,E314,4
9/1/07,Travel,"Vaase, The",E315,4
9/1/07,Travel,Marshalls,E320,4
9/1/07,Women's Fashions,Rainbow,E330,4
9/1/07,Travel,Dollar Tree,E336,4
9/1/07,Travel,Metropolitian Learning Alliance,E337,4
9/1/07,Travel,Radio Shack,E338,4
9/1/07,Travel,"Archiver's, The Photo Memory Store",E339,4
9/1/07,Travel,A.C.E.S. Flight Simulation,E340,4
9/1/07,Travel,LensCrafters,E344,4
9/1/07,Travel,Chapel of Love Wedding Chapel,E345,4
9/1/07,Travel,Corda-Roy's Originals,E348,4
9/1/07,Travel,Lake Wobegon USA,E350,4
9/1/07,Travel,Oxynate,E352,4
9/1/07,Travel,Black Hills Gold Jewelers,E357,4
9/1/07,Travel,Games by James,E358,4
9/1/07,Women's Fashions,SXXY,E360,4
9/1/07,Travel,Toy Corner Express,E362,4
9/1/07,Travel,Nail Trix,E363,4
9/1/07,Travel,Alpaca Connection,E367,4
9/1/07,Travel,MasterCuts Salons,E368,4
9/1/07,Travel,Aquamassage,E370,4
9/1/07,Travel,Model Cars,E372,4
9/1/07,Restaurants & Quick Serve Restaurants,Hooters,E404,4
9/1/07,Travel,Mall of America Executive Center,E410,4
9/1/07,Restaurants & Quick Serve Restaurants,Wolfgang Puck Express®,N100,4
9/1/07,Women's Fashions,bebe sport,N101,4
9/1/07,Travel,Club Monaco,N102,4
9/1/07,Women's Fashions,bebe,N104,4
9/1/07,Travel,Puma,N106,4
9/1/07,Travel,Oakley,N107,4
9/1/07,Travel,Metropark,N108,4
9/1/07,Travel,Aldo Accessories,N114,4
9/1/07,Travel,Aeropostale,N118,4
9/1/07,Travel,Heritage 1981,N120,4
9/1/07,Travel,Street Corner News,N122,4
9/1/07,Travel,World of Charms,N124,4
9/1/07,Travel,Callister's Christmas,N127,4
9/1/07,Travel,Mall of America Gift Store,N128,4
9/1/07,Travel,Explore Minnesota Store,N128,4
9/1/07,Restaurants & Quick Serve Restaurants,Twin City Grill,N130,4
9/1/07,Travel,Magnet Max,N132,4
9/1/07,Travel,Justice,N134,4
9/1/07,Travel,d.e.m.o,N140,4
9/1/07,Travel,Quiksilver Boardriders Club,N144,4
9/1/07,Women's Specialty Fashions,Torrid,N148,4
9/1/07,Travel,Payless Shoe Source,N150,4
9/1/07,Women's Fashions,Deb/Deb Plus,N151,4
9/1/07,Travel,Journeys,N154,4
9/1/07,Women's Fashions,Wet Seal,N159,4
9/1/07,Travel,Spring,N166,4
9/1/07,Travel,Hot Topic,N168,4
9/1/07,Travel,European Gifts,N170,4
9/1/07,Travel,Bath & Body Works,N172,4
9/1/07,Travel,Goodman Jewelers Galleria,N174,4
9/1/07,Travel,Victoria's Secret,N178,4
9/1/07,Women's Fashions,Ann Taylor Loft,N184,4
9/1/07,Travel,One Thousand Steps,N186,4
9/1/07,Travel,Aldo,N188,4
9/1/07,Travel,Sisley,N190,4
9/1/07,Restaurants & Quick Serve Restaurants,Caribou Coffee,N194,4
9/1/07,Travel,Abercrombie & Fitch,N200,4
9/1/07,Travel,Skechers,N214,4
9/1/07,Travel,"Mobile Solution, The",N216,4
9/1/07,Travel,Mia & Maxx Hair Studio,N218,4
9/1/07,Travel,Perfumania,N219,4
9/1/07,Travel,Jimmy'Z,N221,4
9/1/07,Travel,Elante,N224,4
9/1/07,Restaurants & Quick Serve Restaurants,Ruby Tuesday,N234,4
9/1/07,Travel,Club Libby Lu,N238,4
9/1/07,Women's Fashions,maurices,N240,4
9/1/07,Travel,Pro Image,N244,4
9/1/07,Travel,Famous Footwear,N246,4
9/1/07,Travel,American Eagle Outfitters,N248,4
9/1/07,Travel,Mystic Lake Casino Hotel,N252,4
9/1/07,Travel,Razz,N256,4
9/1/07,Women's Fashions,5 7 9,N258,4
9/1/07,Travel,Deck The Walls,N260,4
9/1/07,Travel,Claire's Club,N262,4
9/1/07,Travel,Hollister,N267,4
9/1/07,Travel,dELiA*s,N270,4
9/1/07,Travel,Team Choice,N274,4
9/1/07,Travel,Big Dog Sportswear,N275,4
9/1/07,Travel,Ecko Enterprises,N276,4
9/1/07,Travel,Fossil: The Jean Store,N282,4
9/1/07,Travel,Yankee Candle,N286,4
9/1/07,Travel,Swarovski,N288,4
9/1/07,Travel,Bare Escentuals,N294,4
9/1/07,Travel,Department 56,N300,4
9/1/07,Travel,Powerhouse Ride Shop,N308,4
9/1/07,Travel,Alamo Flags,N312,4
9/1/07,Travel,City Shirts,N314,4
9/1/07,Travel,Minnesota Bound,N316,4
9/1/07,Travel,Journeys Kidz,N318,4
9/1/07,Restaurants & Quick Serve Restaurants,Dairy Queen,N328,4
9/1/07,Restaurants & Quick Serve Restaurants,Burger King,N330,4
9/1/07,Restaurants & Quick Serve Restaurants,Nathan's,N331,4
9/1/07,Restaurants & Quick Serve Restaurants,Little Tokyo,N335,4
9/1/07,Restaurants & Quick Serve Restaurants,Col. Muzzy's Texas BBQ,N336,4
9/1/07,Restaurants & Quick Serve Restaurants,Taco Bell,N338,4
9/1/07,Restaurants & Quick Serve Restaurants,Frullati Café,N342,4
9/1/07,Restaurants & Quick Serve Restaurants,Charley's,N344,4
9/1/07,Restaurants & Quick Serve Restaurants,Arby's,N346,4
9/1/07,Restaurants & Quick Serve Restaurants,Panda Express,N350,4
9/1/07,Travel,Toy Corner,N352,4
9/1/07,Travel,Petters,N356,4
9/1/07,Travel,Afterhours Formal Wear,N364,4
9/1/07,Travel,Keeping Time,N365,4
9/1/07,Restaurants & Quick Serve Restaurants,Auntie Anne's,N366,4
9/1/07,Travel,Sunblox,N367,4
9/1/07,Travel,Spencer Gifts,N368,4
9/1/07,Travel,General Nutrition Center,N370,4
9/1/07,Travel,Perfumania,N372,4
9/1/07,Travel,Lids,N373,4
9/1/07,Travel,Moose Mountain Adventure Golf,N376,4
9/1/07,Travel,GameStop,N378,4
9/1/07,Travel,Vans,N380,4
9/1/07,Travel,T Mobile,N382,4
9/1/07,Travel,Red Wing Shoe Co. Inc.,N384,4
9/1/07,Travel,RCC Western Stores,N386,4
9/1/07,Travel,Itz-A-Puzzle,N390,4
9/1/07,Restaurants & Quick Serve Restaurants,Delimango,N392,4
9/1/07,Travel,Claire's Boutique,N394,4
9/1/07,Restaurants & Quick Serve Restaurants,Rainforest Cafe,S102,4
9/1/07,Travel,"Walking Company, The",S108,4
9/1/07,Travel,Gap,S110,4
9/1/07,Travel,First,S116,4
9/1/07,Travel,"Children's Place, The",S118,4
9/1/07,Travel,American Eagle Outfitters,S120,4
9/1/07,Restaurants & Quick Serve Restaurants,Healthy Express,S126,4
9/1/07,Travel,Apple Store,S132,4
9/1/07,Women's Fashions,Arden B,S138,4
9/1/07,Travel,Bose,S140,4
9/1/07,Travel,Wilsons Leather,S142,4
9/1/07,Travel,Bath & Body Works,S143,4
9/1/07,Women's Fashions,New York & Company,S144,4
9/1/07,Women's Fashions,J.Jill,S145,4
9/1/07,Women's Fashions,White House | Black Market,S148,4
9/1/07,Travel,Local Charm - a minnesota Jewelry Studio,S150,4
9/1/07,Travel,Benetton,S152,4
9/1/07,Travel,Gymboree,S154,4
9/1/07,Travel,Nine West,S156,4
9/1/07,Travel,LoveSac,S158,4
9/1/07,Travel,babyGap,S160,4
9/1/07,Travel,GapKids,S160,4
9/1/07,Travel,LEGO®,S164,4
9/1/07,Women's Fashions,Coldwater Creek,S166,4
9/1/07,Travel,Trade Secret,S168,4
9/1/07,Travel,Lucky Brand Jeans,S170,4
9/1/07,Travel,Brooks Brothers,S174,4
9/1/07,Women's Fashions,Chico's,S184,4
9/1/07,Travel,J.Crew,S200,4
9/1/07,Travel,Sharper Image,S206,4
9/1/07,Travel,Gap Men,S208,4
9/1/07,Travel,Martin + Osa,S214,4
9/1/07,Women's Fashions,Ann Taylor,S218,4
9/1/07,Travel,Paradise Pen Company,S222,4
9/1/07,Travel,Brighton Collectibles,S224,4
9/1/07,Travel,Rockport,S225,4
9/1/07,Travel,Motherhood Maternity,S228,4
9/1/07,Women's Specialty Fashions,Lane Bryant,S230,4
9/1/07,Travel,Victoria's Secret,S238,4
9/1/07,Travel,Carter's,S254,4
9/1/07,Travel,Limited Too,S255,4
9/1/07,Travel,Disney Store,S258,4
9/1/07,Travel,Guess,S260,4
9/1/07,Women's Fashions,Paiva,S262,4
9/1/07,Women's Fashions,Christopher & Banks,S270,4
9/1/07,Travel,Le Gourmet Chef,S272,4
9/1/07,Women's Fashions,Acorn,S276,4
9/1/07,Women's Fashions,C.J. Banks,S278,4
9/1/07,Travel,Naturalizer,S280,4
9/1/07,Travel,Easy Spirit,S282,4
9/1/07,Restaurants & Quick Serve Restaurants,Lindt Chocolate,S284,4
9/1/07,Women's Fashions,Rave,S286,4
9/1/07,Travel,Bakers,S288,4
9/1/07,Travel,"Afternoon, The",S290,4
9/1/07,Travel,Foot Locker,S300,4
9/1/07,Restaurants & Quick Serve Restaurants,Kokomo's Island Cafe,S319,4
9/1/07,Restaurants & Quick Serve Restaurants,Famous Dave's BBQ,S321,4
9/1/07,Travel,Mall of America Gift Store,S322,4
9/1/07,Travel,Kim's Hallmark,S340,4
9/1/07,Travel,Sadie's,S342,4
9/1/07,Travel,A Simpler Time,S343,4
9/1/07,Travel,Point of View,S344,4
9/1/07,Restaurants & Quick Serve Restaurants,Tony Roma's,S346,4
9/1/07,Travel,NASCAR Silicon Motor Speedway,S352,4
9/1/07,Travel,RAGSTOCK,S358,4
9/1/07,Restaurants & Quick Serve Restaurants,California Cafe,S368,4
9/1/07,Restaurants & Quick Serve Restaurants,Johnny Rockets,S370,4
9/1/07,Restaurants & Quick Serve Restaurants,Hot Dog on a Stick,S372,4
9/1/07,Restaurants & Quick Serve Restaurants,Panda Express,S374,4
9/1/07,Restaurants & Quick Serve Restaurants,A&W; Hot Dogs & More,S376,4
9/1/07,Restaurants & Quick Serve Restaurants,Long John Silvers,S378,4
9/1/07,Restaurants & Quick Serve Restaurants,Caribou Coffee,S380,4
9/1/07,Restaurants & Quick Serve Restaurants,Cold Stone Creamery,S382,4
9/1/07,Restaurants & Quick Serve Restaurants,Asian Chao/Maki of Japan,S385,4
9/1/07,Restaurants & Quick Serve Restaurants,Great Steak & Potato Co.,S388,4
9/1/07,Restaurants & Quick Serve Restaurants,Sbarro,S390,4
9/1/07,Restaurants & Quick Serve Restaurants,McDonald's,S391,4
9/1/07,Restaurants & Quick Serve Restaurants,Baja Tortilla Grill,S392,4
9/1/07,Restaurants & Quick Serve Restaurants,Bubba Gump Shrimp Co.,S396,4
9/1/07,Travel,AMC Theatres 14 Screens,S401,4
9/1/07,Travel,Banana Republic,W100,4
9/1/07,Women's Fashions,Cache,W107,4
9/1/07,Restaurants & Quick Serve Restaurants,Tucci Benucch,W114,4
9/1/07,Travel,H & M,W117,4
9/1/07,Travel,"River Church, The",W121,4
9/1/07,Travel,Urban Outfitters,W122,4
9/1/07,Travel,Holiday Station Store,W123,4
9/1/07,Travel,D.S.W. Shoe Warehouse,W124,4
9/1/07,Travel,Select Comfort,W125,4
9/1/07,Restaurants & Quick Serve Restaurants,Teavana,W128,4
9/1/07,Travel,Solstice Sunglass Boutique,W131,4
9/1/07,Travel,STACCATO,W132,4
9/1/07,Travel,Bostonian,W133,4
9/1/07,Travel,Progressions Salon,W134,4
9/1/07,Travel,Your Body Repair Shop,W135,4
9/1/07,Travel,Ben Bridge Jeweler,W136,4
9/1/07,Travel,Franklin Covey,W140,4
9/1/07,Travel,Steve Madden,W142,4
9/1/07,Women's Fashions,Kiwi Beach,W144,4
9/1/07,Travel,Rogers & Hollands,W146,4
9/1/07,Travel,"Body Shop, The",W148,4
9/1/07,Travel,Helzberg Diamonds,W154,4
9/1/07,Women's Specialty Fashions,Jessica McClintock,W156,4
9/1/07,Travel,Autumn Cottage,W158,4
9/1/07,Travel,Vikings Locker Room,W160,4
9/1/07,Restaurants & Quick Serve Restaurants,Harry and David,W161,4
9/1/07,Travel,Brookstone,W162,4
9/1/07,Travel,Kay Jewelers,W166,4
9/1/07,Travel,Sephora,W200,4
9/1/07,Travel,Express,W204,4
9/1/07,Travel,abercrombie,W209,4
9/1/07,Women's Fashions,"Limited, The",W210,4
9/1/07,Restaurants & Quick Serve Restaurants,Napa Valley Grille,W220,4
9/1/07,Restaurants & Quick Serve Restaurants,Tiger Sushi,W224,4
9/1/07,Travel,AARP,W228,4
9/1/07,Travel,Eddie Bauer,W230,4
9/1/07,Travel,Tommy Bahama's,W235,4
9/1/07,Travel,Hanna Andersson,W258,4
9/1/07,Travel,Tiffany Collection,W260,4
9/1/07,Travel,Williams-Sonoma,W262,4
9/1/07,Travel,L'OCCITANE,W268,4
9/1/07,Travel,Crabtree & Evelyn,W270,4
9/1/07,Travel,Coach,W274,4
9/1/07,Restaurants & Quick Serve Restaurants,Starbucks Coffee Company,W276,4
9/1/07,Travel,Osterman's Jewelers,W278,4
9/1/07,Women's Specialty Fashions,Tall Girl,W282,4
9/1/07,Travel,Rodney Lough Jr. Wilderness Collections Gallery,W286,4
9/1/07,Travel,Aveda Experience Center,W288,4
9/1/07,Women's Specialty Fashions,Everything but Water,W290,4
9/1/07,Travel,Origins,W292,4
9/1/07,Travel,MAC Cosmetics,W294,4
9/1/07,Travel,Sole Mio Sunglasses,W296,4
9/1/07,Travel,Sam Goody,W300,4
9/1/07,Travel,Highland Bank,W322,4
9/1/07,Travel,Nordstrom Rack,W324,4
9/1/07,Restaurants & Quick Serve Restaurants,Old Vine Wine and Spirits,W326,4
9/1/07,Travel,Choppers Town USA,W327,4
9/1/07,Travel,Sports Authority,W340,4
9/1/07,Travel,Champs Sports,W358,4
9/1/07,Travel,Sunglass Hut - Watch Station,W360,4
9/1/07,Travel,Things Remembered,W362,4
9/1/07,Travel,L.A. Nails,W364,4
9/1/07,Travel,Verizon Wireless,W365,4
9/1/07,Travel,Goldy's Locker Room,W366,4
9/1/07,Travel,Air Traffic,W368,4
9/1/07,Travel,Lids,W369,4
9/1/07,Travel,Al's Farm Toys,W370,4
9/1/07,Travel,Wild Bird Store,W372,4
9/1/07,Travel,Love From Minnesota,W380,4
9/1/07,Restaurants & Quick Serve Restaurants,Rybicki Cheese,W382,4
9/1/07,Travel,Bead It!,W383,4
9/1/07,Restaurants & Quick Serve Restaurants,Pretzel Time,W384,4
9/1/07,Travel,Pearle Vision,W385,4
9/1/07,Travel,Spirit of the Red Horse,W387,4
9/1/07,Travel,Bow Wow Meow,W388,4
9/1/07,Travel,Icing by Claire's,W390,4
9/1/07,Travel,Sox Appeal,W391,4
9/1/07,Restaurants & Quick Serve Restaurants,Candy Candy!,W392,4
10/1/17,Accessories,Almost Famous Body Piercing,E350,4
10/1/17,Accessories,Chapel of Love,E318,4
10/1/17,Accessories,Claire’s,E179,4
10/1/17,Accessories,Claire’s,N394,4
10/1/17,Accessories,Claire’s,E292,4
10/1/17,Accessories,Icing,E247,4
10/1/17,Accessories,Sox Appeal,W391,4
10/1/17,Apparel,A|X Armani Exchange m w,S141,4
10/1/17,Apparel,abercrombie c,W209,4
10/1/17,Apparel,Abercrombie & Fitch m w,N200,4
10/1/17,Apparel,aerie w,E200,4
10/1/17,Apparel,Aéropostale m w,N267,4
10/1/17,Apparel,A’GACI w,E246,4
10/1/17,Apparel,Alpaca Connection m w c,E367,4
10/1/17,Apparel,Altar’d State w,N105,4
10/1/17,Apparel,American Eagle Outfitters m w,S120,4
10/1/17,Apparel,American Eagle Outfitters m w,N248,4
10/1/17,Apparel,Ann Taylor w,S218,4
10/1/17,Apparel,Anthropologie w,C128,4
10/1/17,Apparel,Athleta w,S145,4
10/1/17,Apparel,babyGap c,S210,4
10/1/17,Apparel,Banana Republic m w,W100,4
10/1/17,Apparel,Boot Barn m w c,N386,4
10/1/17,Apparel,BOSS HUGO BOSS m,S176,4
10/1/17,Apparel,Buckle m w c,E203,4
10/1/17,Apparel,Burberry m w,S178,4
10/1/17,Apparel,Calvin Klein Performance w,S130,4
10/1/17,Apparel,Carhartt m w c,N144,4
10/1/17,Apparel,Carter’s baby c,S254,4
10/1/17,Apparel,Champs Sports m w c,W358,4
10/1/17,Apparel,Champs Sports m w c,E202,4
10/1/17,Apparel,Chapel Hats m w c,N170,4
10/1/17,Apparel,Charlotte Russe w,E141,4
10/1/17,Apparel,Chico’s w,S160,4
10/1/17,Apparel,Christopher & Banks | c.j. banks w,S270,4
10/1/17,Apparel,City Shirts m w c,W383,4
10/1/17,Apparel,Club Monaco m w,N102,4
10/1/17,Apparel,Columbia Sportswear m w c,W112,4
10/1/17,Apparel,Cotton:On m w,N278,4
10/1/17,Apparel,Cowgirl Tuff Company m w c,N302,4
10/1/17,Apparel,Crayola Experience + Store m w c,S300,4
10/1/17,Apparel,Destination Maternity w,S258,4
10/1/17,Apparel,Eddie Bauer m w,S214,4
10/1/17,Apparel,Everything But Water w,W290,4
10/1/17,Apparel,Express m w,W204,4
10/1/17,Apparel,Fabletics w,S142,4
10/1/17,Apparel,Farm Boy Farm Girl m w c,N166,4
10/1/17,Apparel,Fjällräven m w c,S128,4
10/1/17,Apparel,Forever 21 m w c,E144,4
10/1/17,Apparel,Francesca’s Collections w,S116,4
10/1/17,Apparel,Free People w,S149,4
10/1/17,Apparel,Gap m w,S110,4
10/1/17,Apparel,Gap kids c,S210,4
10/1/17,Apparel,Garage w,N140,4
10/1/17,Apparel,Goldy’s Locker Room m w c,W366,4
10/1/17,Apparel,Guess w,S260,4
10/1/17,Apparel,H&M m w c,W117,4
10/1/17,Apparel,Hammer Made m,S150,4
10/1/17,Apparel,Hanna Andersson c,N190,4
10/1/17,Apparel,Harley-Davidson Motor Company m w c,W344,4
10/1/17,Apparel,Hockey Minnesota by Goldy’s Locker Room m w c,E160,4
10/1/17,Apparel,Hollister m w,W210,4
10/1/17,Apparel,Hot Topic m w,N168,4
10/1/17,Apparel,ivivva athletica c,S290,4
10/1/17,Apparel,J. CREW m w c,S200,4
10/1/17,Apparel,J.Jill w,S228,4
10/1/17,Apparel,Janie and Jack c,S168,4
10/1/17,Apparel,June Active w,S140,4
10/1/17,Apparel,Justice c,S255,4
10/1/17,Apparel,Lacoste m w,S172,4
10/1/17,Apparel,Lane Bryant w,S229,4
10/1/17,Apparel,Levi’s m w,S262,4
10/1/17,Apparel,Lids m w c,E134,4
10/1/17,Apparel,Lids m w c,E178,4
10/1/17,Apparel,Lids m w c,E346,4
10/1/17,Apparel,Lids m w c,N274,4
10/1/17,Apparel,Lids m w c,W369,4
10/1/17,Apparel,Live Love Dream w,N262,4
10/1/17,Apparel,L.L.Bean m w c,S100,4
10/1/17,Apparel,LOFT w,N184,4
10/1/17,Apparel,Long Tall Sally w,W282,4
10/1/17,Apparel,Lucky Brand m w,S170,4
10/1/17,Apparel,lululemon athletica m w,S154,4
10/1/17,Apparel,Madewell w,S143,4
10/1/17,Apparel,Marshalls m w c,E320,4
10/1/17,Apparel,maurice’s w,E212,4
10/1/17,Apparel,Mona Williams w,S138,4
10/1/17,Apparel,New York & Company w,S276,4
10/1/17,Apparel,Nordstrom Rack m w c,W324,4
10/1/17,Apparel,The North Face m w c,S166,4
10/1/17,Apparel,Old Navy m w c,E138,4
10/1/17,Apparel,PacSun m w,E246,4
10/1/17,Apparel,PINK w,N120,4
10/1/17,Apparel,Pro Image Sports m w c,N258,4
10/1/17,Apparel,Ragstock m w c,E100,4
10/1/17,Apparel,Ragstock m w c,E214,4
10/1/17,Apparel,Ragstock m w c,N275,4
10/1/17,Apparel,Rainbow m w c,E330,4
10/1/17,Apparel,Silver Jeans Co. m w,S220,4
10/1/17,Apparel,Soma Intimates w,W135,4
10/1/17,Apparel,Swim ‘n Sport w,S286,4
10/1/17,Apparel,The Children’s Place c,S272,4
10/1/17,Apparel,The North Face m w c,S166,4
10/1/17,Apparel,Tilly’s m w c,N246,4
10/1/17,Apparel,Tommy Bahama m w,W235,4
10/1/17,Apparel,Torrid w,N148,4
10/1/17,Apparel,Tory Sport w,S107,4
10/1/17,Apparel,True Religion m w,S175,4
10/1/17,Apparel,Under Armour Brand House m w c,W240,4
10/1/17,Apparel,Urban Outfitters m w c,W122,4
10/1/17,Apparel,Victoria’s Secret w,N178,4
10/1/17,Apparel,Victoria’s Secret w,W220,4
10/1/17,Apparel,Vikings Locker Room m w c,E126,4
10/1/17,Apparel,White House Black Market w,S148,4
10/1/17,Apparel,Zara m w c,C185,4
10/1/17,Apparel,Zumiez m w c,N236,4
10/1/17,Attractions+Entertainment,Amazing Mirror Maze,N353,4
10/1/17,Attractions+Entertainment,Crayola Experience + Store,S300,4
10/1/17,Attractions+Entertainment,The Escape Room,E300,4
10/1/17,Attractions+Entertainment,GameWorks,E401,4
10/1/17,Attractions+Entertainment,The LEGO Store,S164,4
10/1/17,Attractions+Entertainment,Moose Mountain Adventure Golf,N376,4
10/1/17,Attractions+Entertainment,Rick Bronson’s House of Comedy,E408,4
10/1/17,Attractions+Entertainment,SEA LIFE Minnesota Aquarium,E120,4
10/1/17,Attractions+Entertainment,SMAAASH,E402,4
10/1/17,Attractions+Entertainment,Xscape Entertainment Center,E342,4
10/1/17,"Books,Cards+Gifts",Barnes & Noble,E118,4
10/1/17,"Books,Cards+Gifts",Box Lunch,N134,4
10/1/17,"Books,Cards+Gifts",Brickmania,E352,4
10/1/17,"Books,Cards+Gifts",Brookstone,S282,4
10/1/17,"Books,Cards+Gifts",Cheese Brothers,E278,4
10/1/17,"Books,Cards+Gifts",Debut,N125,4
10/1/17,"Books,Cards+Gifts",Eagle Anime,N365,4
10/1/17,"Books,Cards+Gifts",Greater Good,S236,4
10/1/17,"Books,Cards+Gifts",Hallmark,N308,4
10/1/17,"Books,Cards+Gifts",I Love Minnesota,W372,4
10/1/17,"Books,Cards+Gifts",Indulge + Bloom,N314,4
10/1/17,"Books,Cards+Gifts",Love from Minnesota,W380,4
10/1/17,"Books,Cards+Gifts",Mall of America® Gift Store,E372,4
10/1/17,"Books,Cards+Gifts",Mall of America® Gift Store,S225,4
10/1/17,"Books,Cards+Gifts",Mall of America® Gift Store,W388,4
10/1/17,"Books,Cards+Gifts",Minnesot-Ah!,E157,4
10/1/17,"Books,Cards+Gifts",Old Vine Wine + Spirits,W326,4
10/1/17,"Books,Cards+Gifts",Paper Source,N116,4
10/1/17,"Books,Cards+Gifts",Pepper Palace,E360,4
10/1/17,"Books,Cards+Gifts","Rybicki Cheese, LTD.",W382,4
10/1/17,"Books,Cards+Gifts",Spencer’s,N354,4
10/1/17,"Books,Cards+Gifts",Tervis,W370,4
10/1/17,"Books,Cards+Gifts",Things Remembered,E290,4
10/1/17,"Books,Cards+Gifts",Tomodachi,N316,4
10/1/17,"Books,Cards+Gifts",Typo,N132,4
10/1/17,"Books,Cards+Gifts",Vaase,E315,4
10/1/17,"Books,Cards+Gifts",Vom Fass,N345,4
10/1/17,"Books,Cards+Gifts",Yankee Candle,N286,4
10/1/17,Convenience,Holiday Stationstore,W123,4
10/1/17,Convenience,Mall of America® Gifts + Sundries,S225,4
10/1/17,Convenience,Street Corner News,E122,4
10/1/17,Dining-Foodcourt,A&W All American Food,S376,4
10/1/17,Dining-Foodcourt,A&W All American Food,C376,4
10/1/17,Dining-Foodcourt,Asian Chao/Maki of Japan,S385,4
10/1/17,Dining-Foodcourt,Burger King,C360,4
10/1/17,Dining-Foodcourt,Great Steak & Potato,S388,4
10/1/17,Dining-Foodcourt,Great Steak & Potato,C368,4
10/1/17,Dining-Foodcourt,Johnny Rockets,S370,4
10/1/17,Dining-Foodcourt,Little Tokyo,C380,4
10/1/17,Dining-Foodcourt,Long John Silver’s,S378,4
10/1/17,Dining-Foodcourt,The Meatball Spot,C380,4
10/1/17,Dining-Foodcourt,Panda Express,S374,4
10/1/17,Dining-Foodcourt,Panda Express,C370,4
10/1/17,Dining-Foodcourt,The Pita Pit,S372,4
10/1/17,Dining-Foodcourt,Qdoba,C364,4
10/1/17,Dining-Foodcourt,Ruby Thai’s Kitchen,S379,4
10/1/17,Dining-Foodcourt,Sbarro,S390,4
10/1/17,Dining-Foodcourt,Thai Express,C335,4
10/1/17,Dining-Fastcasual,Auntie Anne’s,E242,4
10/1/17,Dining-Fastcasual,Auntie Anne’s,N366,4
10/1/17,Dining-Fastcasual,Burger Burger,S321,4
10/1/17,Dining-Fastcasual,Chipotle,S322,4
10/1/17,Dining-Fastcasual,Freshens Crepes and Smoothies,W328,4
10/1/17,Dining-Fastcasual,Freshii,S319,4
10/1/17,Dining-Fastcasual,Jamba Juice,E317,4
10/1/17,Dining-Fastcasual,Magic Pan Crepe Stand,W114,4
10/1/17,Dining-Fastcasual,Melt Shop,C322,4
10/1/17,Dining-Fastcasual,Naf Naf Grill,C326,4
10/1/17,Dining-Fastcasual,Noodles & Company,S342,4
10/1/17,Dining-Fastcasual,Panera Bread,S316,4
10/1/17,Dining-Fastcasual,Piada Italian Street Food,N326,4
10/1/17,Dining-Fastcasual,Pizza Studio,S340,4
10/1/17,Dining-Fastcasual,Shake Shack,N332,4
10/1/17,Dining-Fastcasual,Subway,E244,4
10/1/17,Dining-Fastcasual,Tim Hortons,E280,4
10/1/17,Dining-Fastcasual,Villa Fresh Italian Kitchen,E123,4
10/1/17,Dining-Fullservicerestaurants,Benihana,S358,4
10/1/17,Dining-Fullservicerestaurants,Bubba Gump Shrimp Co,S396,4
10/1/17,Dining-Fullservicerestaurants,Buffalo Wild Wings,S312,4
10/1/17,Dining-Fullservicerestaurants,Cadillac Ranch,S352,4
10/1/17,Dining-Fullservicerestaurants,Cantina #1,E406,4
10/1/17,Dining-Fullservicerestaurants,Cantina Laredo,W300,4
10/1/17,Dining-Fullservicerestaurants,Cowboy Jack’s,S320,4
10/1/17,Dining-Fullservicerestaurants,CRAVE,S368,4
10/1/17,Dining-Fullservicerestaurants,Dick’s Last Resort,S402,4
10/1/17,Dining-Fullservicerestaurants,Hooters,E404,4
10/1/17,Dining-Fullservicerestaurants,Margaritaville,E344,4
10/1/17,Dining-Fullservicerestaurants,Masu Sushi + Robata,S344,4
10/1/17,Dining-Fullservicerestaurants,Rainforest Cafe,S306,4
10/1/17,Dining-Fullservicerestaurants,The Lounge @ House of Comedy,E408,4
10/1/17,Dining-Fullservicerestaurants,Tiger Sushi,N100,4
10/1/17,Dining-Fullservicerestaurants,Tony Roma’s,S346,4
10/1/17,Dining-Fullservicerestaurants,Tucci Benucch,W114,4
10/1/17,Dining-Fullservicerestaurants,Twin City Grill,N130,4
10/1/17,Dining-Sweets+Treats,Cinnabon,E180,4
10/1/17,Dining-Sweets+Treats,Cold Stone Creamery,S382,4
10/1/17,Dining-Sweets+Treats,Cupcake,W384,4
10/1/17,Dining-Sweets+Treats,Dairy Queen,E282,4
10/1/17,Dining-Sweets+Treats,Doc Popcorn,E306,4
10/1/17,Dining-Sweets+Treats,Freshens Yogurt,S336,4
10/1/17,Dining-Sweets+Treats,Godiva Chocolatier,W126,4
10/1/17,Dining-Sweets+Treats,Great American Cookies,S336,4
10/1/17,Dining-Sweets+Treats,Häagen Dazs,E130,4
10/1/17,Dining-Sweets+Treats,iCandy Sugar Shoppe,E154,4
10/1/17,Dining-Sweets+Treats,IT’SUGAR,N270,4
10/1/17,Dining-Sweets+Treats,Lindt Chocolate,S284,4
10/1/17,Dining-Sweets+Treats,Nestlé Tollhouse Café,E283,4
10/1/17,Dining-Sweets+Treats,Nestlé Tollhouse Café,W152,4
10/1/17,Dining-Sweets+Treats,Northwoods Candy Emporium,N312,4
10/1/17,Dining-Sweets+Treats,Orange Julius,W130,4
10/1/17,Dining-Sweets+Treats,Paciugo Gelato & Caffe,W392,4
10/1/17,Dining-Sweets+Treats,Rocky Mountain Chocolate Factory,E128,4
10/1/17,Dining-Sweets+Treats,Rustica Cookies + Creamery,N123,4
10/1/17,Dining-Coffee+Tea,Caribou Coffee,S226,4
10/1/17,Dining-Coffee+Tea,Caribou Coffee,S380,4
10/1/17,Dining-Coffee+Tea,Caribou Coffee,N224,4
10/1/17,Dining-Coffee+Tea,Chatime Tea,S343,4
10/1/17,Dining-Coffee+Tea,DAVIDsTEA,E114,4
10/1/17,Dining-Coffee+Tea,Sencha Tea Bar,N392,4
10/1/17,Dining-Coffee+Tea,Starbucks,C310,4
10/1/17,Dining-Coffee+Tea,Starbucks,E164,4
10/1/17,Dining-Coffee+Tea,Starbucks,W276,4
10/1/17,Dining-Coffee+Tea,Teavana,W128,4
10/1/17,Dining-Coffee+Tea,Tim Hortons,E280,4
10/1/17,Electronic+Tech,Apple Store,S132,4
10/1/17,Electronic+Tech,AT&T,S104,4
10/1/17,Electronic+Tech,Best Buy,W340,4
10/1/17,Electronic+Tech,Bose,W156,4
10/1/17,Electronic+Tech,Microsoft Store,S162,4
10/1/17,Electronic+Tech,Sprint,E360,4
10/1/17,Electronic+Tech,Sprint,W387,4
10/1/17,Electronic+Tech,T-Mobile,E156,4
10/1/17,Electronic+Tech,T-Mobile,N382,4
10/1/17,Electronic+Tech,Verizon,E264,4
10/1/17,Eyewear,LensCrafters,N304,4
10/1/17,Eyewear,Oakley,N107,4
10/1/17,Eyewear,Oakley,N260,4
10/1/17,Eyewear,Solstice Sunglasses,W131,4
10/1/17,Eyewear,Sunglass Hut,N256,4
10/1/17,Eyewear,Sunglass Hut,W296,4
10/1/17,Eyewear,Sunglass Hut,W362,4
10/1/17,Eyewear,Sunglass Hut,N118,4
10/1/17,Health+Beauty,Aveda Experience Center,W288,4
10/1/17,Health+Beauty,bareMinerals,E110,4
10/1/17,Health+Beauty,bareMinerals,N294,4
10/1/17,Health+Beauty,Bath & Body Works,N172,4
10/1/17,Health+Beauty,Bath & Body Works,S234,4
10/1/17,Health+Beauty,Brow Art,E362,4
10/1/17,Health+Beauty,Crabtree & Evelyn,W270,4
10/1/17,Health+Beauty,Final Cut Sports Barbershop,N372,4
10/1/17,Health+Beauty,GNC,N370,4
10/1/17,Health+Beauty,Gold Elements,W164,4
10/1/17,Health+Beauty,Kiehl’s,N121,4
10/1/17,Health+Beauty,L.A. Nails,W364,4
10/1/17,Health+Beauty,L’OCCITANE,W268,4
10/1/17,Health+Beauty,LUSH,E112,4
10/1/17,Health+Beauty,MAC Cosmetics,W294,4
10/1/17,Health+Beauty,Mastercuts,E368,4
10/1/17,Health+Beauty,Nail Trix,E363,4
10/1/17,Health+Beauty,NYX Professional Makeup,E106,4
10/1/17,Health+Beauty,Origins,W292,4
10/1/17,Health+Beauty,Perfumania,N219,4
10/1/17,Health+Beauty,Progressions Salon,W135,4
10/1/17,Health+Beauty,Regis Salon,E152,4
10/1/17,Health+Beauty,Relaxing Massage,N367,4
10/1/17,Health+Beauty,Sabon,W166,4
10/1/17,Health+Beauty,Sephora,W200,4
10/1/17,Health+Beauty,Sigma Beauty,W286,4
10/1/17,Health+Beauty,The Art of Shaving,W125,4
10/1/17,Health+Beauty,The Body Shop,W148,4
10/1/17,Health+Beauty,White Barn Candle,S234,4
10/1/17,Health+Beauty,Worker B,W166,4
10/1/17,Home,Anthropologie,C128,4
10/1/17,Home,Corda-a-Roys,E348,4
10/1/17,Home,Cut Above Home,S238,4
10/1/17,Home,LoveSac,W327,4
10/1/17,Home,Sleep Number,S256,4
10/1/17,Jewelry+Watches,Ben Bridge Jeweler,W136,4
10/1/17,Jewelry+Watches,Fixology,N390,4
10/1/17,Jewelry+Watches,Fossil,E168,4
10/1/17,Jewelry+Watches,Helzberg Diamonds,W154,4
10/1/17,Jewelry+Watches,Impulse,E314,4
10/1/17,Jewelry+Watches,JARED The Galleria of Jewelry,W278,4
10/1/17,Jewelry+Watches,KAY Jewelers,N174,4
10/1/17,Jewelry+Watches,Local Charm,E104,4
10/1/17,Jewelry+Watches,Lotus Beads and Jewelers,N368,4
10/1/17,Jewelry+Watches,Michael Hill Jewelry,S292,4
10/1/17,Jewelry+Watches,Pandora,N127,4
10/1/17,Jewelry+Watches,Persepolis,W360,4
10/1/17,Jewelry+Watches,Rogers & Holland Jewelers,W146,4
10/1/17,Jewelry+Watches,Swarovski,N288,4
10/1/17,Jewelry+Watches,Swatch,E162,4
10/1/17,Jewelry+Watches,The Gold Guys,E357,4
10/1/17,Jewelry+Watches,Zales,E240,4
10/1/17,Jewelry+Watches,Brighton,S224,4
10/1/17,Jewelry+Watches,Coach,W274,4
10/1/17,Jewelry+Watches,Henri Bendel,S156,4
10/1/17,Jewelry+Watches,House of Samsonite,W158,4
10/1/17,Jewelry+Watches,kate spade new york,S106,4
10/1/17,Jewelry+Watches,Michael Kors,S184,4
10/1/17,Jewelry+Watches,Tumi,W140,4
10/1/17,Jewelry+Watches,Vera Bradley,S288,4
10/1/17,Services,Bank of America,N232,4
10/1/17,Services,Bank of America,W118,4
10/1/17,Services,Bloomington Police Dept,E217,4
10/1/17,Services,Chapel of Love,E318,4
10/1/17,Services,Executive Center,E410,4
10/1/17,Services,Market Research Center,W322,4
10/1/17,Services,Mystic Lake Casino-Hotel,E296,4
10/1/17,Services,Prof Bellows Old Time Photos,N374,4
10/1/17,Services,Stitch It,N364,4
10/1/17,Services,Xchange of America,E218,4
10/1/17,Shoes,ALDO,N188,4
10/1/17,Shoes,Boot Barn,N386,4
10/1/17,Shoes,Clark’s,E146,4
10/1/17,Shoes,Crocs,N108,4
10/1/17,Shoes,Dr. Martens,N101,4
10/1/17,Shoes,DSW,W124,4
10/1/17,Shoes,ECCO,N218,4
10/1/17,Shoes,Famous Footwear,N151,4
10/1/17,Shoes,Famous Footwear,W310,4
10/1/17,Shoes,Finish Line,E241,4
10/1/17,Shoes,Flip Flop Shops,N103,4
10/1/17,Shoes,Fly Zone at Kids Foot Locker,E272,4
10/1/17,Shoes,Foot Locker,N162,4
10/1/17,Shoes,Footaction,E102,4
10/1/17,Shoes,House of Hoops by Foot Locker,N356,4
10/1/17,Shoes,Johnston + Murphy,W144,4
10/1/17,Shoes,Journeys,N154,4
10/1/17,Shoes,Kids Foot Locker,E272,4
10/1/17,Shoes,Merrell,N282,4
10/1/17,Shoes,Nike,W244,4
10/1/17,Shoes,O’Shoes,E246,4
10/1/17,Shoes,Payless ShoeSource,N150,4
10/1/17,Shoes,Shi by Journeys,E268,4
10/1/17,Shoes,Skechers,N214,4
10/1/17,Shoes,SOREL,W112,4
10/1/17,Shoes,Steve Madden,W142,4
10/1/17,Shoes,Stuart Weitzman,S184,4
10/1/17,Shoes,The Running Room,W161,4
10/1/17,Shoes,The Walking Company,W160,4
10/1/17,Shoes,TOMS,C106,4
10/1/17,Shoes,UGG Australia,S144,4
10/1/17,Shoes,Vans,N254,4
10/1/17,Shoes,Villa Shoes,N244,4
10/1/17,"Toys,Games+Hobbies",Air Traffic,N384,4
10/1/17,"Toys,Games+Hobbies",The Animal Lover’s,E125,4
10/1/17,"Toys,Games+Hobbies",BrickMania,E352,4
10/1/17,"Toys,Games+Hobbies",Build-A-Bear Workshop,E172,4
10/1/17,"Toys,Games+Hobbies",Crayola Experience + Store,S300,4
10/1/17,"Toys,Games+Hobbies",Creative Kidstuff,E148,4
10/1/17,"Toys,Games+Hobbies",Disney Store,S118,4
10/1/17,"Toys,Games+Hobbies",Games by James,E358,4
10/1/17,"Toys,Games+Hobbies",GameStop,E284,4
10/1/17,"Toys,Games+Hobbies",GameStop,N378,4
10/1/17,"Toys,Games+Hobbies",JM Cremp’s,N240,4
10/1/17,"Toys,Games+Hobbies",The LEGO Store,S164,4
10/1/17,"Toys,Games+Hobbies",ME 3D,E356,4
9/2/24,Services,A Sure Fit,N364,4
9/2/24,Food Court,A&W,S376,4
9/2/24,Food Court,A&W,C376,4
9/2/24,Services,AARP,W228,4
9/2/24,Men's Apparel,Abercrombie & Fitch,N205,4
9/2/24,Children's Apparel,Abercrombie Kids,N210,4
9/2/24,n/a,Activate,E312,4
9/2/24,Women's Apparel,Aerie,E200,4
9/2/24,Women's Apparel,Aéropostale,N267,4
9/2/24,Local Business,Air Traffic Toys,E315,4
9/2/24,Shoes,ALDO,N188,4
9/2/24,Accessories,Almost Famous Body Piercing,E350,4
9/2/24,Women's Apparel,Alpaca Connection,E367,4
9/2/24,Women's Apparel,Altar’d State,N105,4
9/2/24,Attractions + Entertainment,Amazing Mirror Maze,N353,4
9/2/24,Women's Apparel,American Eagle,N248,4
9/2/24,Women's Apparel,American Eagle,S120,4
9/2/24,Toys + Games + Hobbies,Anime Fix,W370,4
9/2/24,Women's Apparel,Ann Taylor,S218,4
9/2/24,Women's Apparel,Anthropologie,C128,4
9/2/24,Electronics + Tech,Apple,W114,4
9/2/24,Men's Apparel,Arc’teryx,W145,4
9/2/24,Women's Apparel,Aritzia,W115,4
9/2/24,Women's Apparel,Arula,S160,4
9/2/24,Women's Apparel,Arwa Fashion,S220,4
9/2/24,Women's Apparel,Athleta,S145,4
9/2/24,Sweets + Treats,Auntie Anne's,N366,4
9/2/24,Sweets + Treats,Auntie Anne's,E242,4
9/2/24,Health + Beauty,Aveda Experience Center,W288,4
9/2/24,Women's Apparel,A|X Armani Exchange,S141,4
9/2/24,Attractions + Entertainment,B&B Theatres Bloomington 13 at Mall of America®,S401,4
9/2/24,Luggage + Bags,Baggallini,S280,4
9/2/24,Books + Cards + Gifts,Barnes & Noble,E118,4
9/2/24,Local Business,Baseus by 4 Less Tech,E357,4
9/2/24,Health + Beauty,Bath & Body Works,N172,4
9/2/24,Sweets + Treats,Beard Papa's,N375,4
9/2/24,Books + Cards + Gifts,Beef Jerky Experience,N341,4
9/2/24,Full Service Restaurants,Benihana,S358,4
9/2/24,Health + Beauty,Blasted Ink,E356,4
9/2/24,Food Court,Bonchon Korean Fried Chicken,S372,4
9/2/24,Shoes,Boot Barn,N386,4
9/2/24,Men's Apparel,BOSS,S176,4
9/2/24,Books + Cards + Gifts,BoxLunch,N134,4
9/2/24,Services,BPD,E217,4
9/2/24,Luggage + Bags,Brighton,S224,4
9/2/24,Health + Beauty,Brow Art 23,E362,4
9/2/24,Full Service Restaurants,Bubba Gump Shrimp Co.,S396,4
9/2/24,Women's Apparel,Buckle,E203,4
9/2/24,Full Service Restaurants,Buffalo Wild Wings,S312,4
9/2/24,Toys + Games + Hobbies,Build-A-Bear Workshop®,E172,4
9/2/24,Women's Apparel,Burberry,S178,4
9/2/24,Fast Casual,Burger Burger,S321,4
9/2/24,Food Court,Burger King,C360,4
9/2/24,Food Court,Bussin Birria Tacos,C332,4
9/2/24,Full Service Restaurants,Cadillac Ranch,S352,4
9/2/24,Men's Apparel,Canada Goose,W162,4
9/2/24,Full Service Restaurants,Cantina Laredo,W300,4
9/2/24,Home,Canvas Corner,N314,4
9/2/24,Coffee + Tea,Capital One Café,S132,4
9/2/24,Women's Apparel,Carhartt,N162,4
9/2/24,Coffee + Tea,Caribou Coffee,S380,4
9/2/24,Coffee + Tea,Caribou Coffee,N224,4
9/2/24,Coffee + Tea,Caribou Coffee,N194,4
9/2/24,Sweets + Treats,Carlo's Bakery,N335,4
9/2/24,Children's Apparel,Carter’s babies and kids + OshKosh B’gosh,S254,4
9/2/24,Home,Casper,S140,4
9/2/24,Women's Apparel,Champs Sports,E205,4
9/2/24,Health + Beauty,CHANEL Fragrance and Beauty Boutique,W142,4
9/2/24,Women's Apparel,Charlotte Russe,S255,4
9/2/24,Local Business,Chicago Furniture,S258,4
9/2/24,Fast Casual,Chick-fil-A,C354,4
9/2/24,Online Ordering,Chipotle,S322,4
9/2/24,Books + Cards + Gifts,Chocolate Moonshine,W326,4
9/2/24,holiday,Christmas Treasures,N184,4
9/2/24,Men's Apparel,Chubbies,S116,4
9/2/24,Sweets + Treats,Cinnabon,E180,4
9/2/24,Accessories,Claire's,E179,4
9/2/24,Accessories,Claire's,E292,4
9/2/24,Accessories,Claire's,N394,4
9/2/24,Shoes,Clarks,E146,4
9/2/24,Attractions + Entertainment,ClimbZone,N252,4
9/2/24,Women's Apparel,Club Monaco,N102,4
9/2/24,Luggage + Bags,Coach,W274,4
9/2/24,Sweets + Treats,Cold Stone Creamery,S382,4
9/2/24,Sweets + Treats,Cold Stone Creamery,E134,4
9/2/24,Women's Apparel,Columbia Sportswear,W112,4
9/2/24,Women's Apparel,Cotton:On,N278,4
9/2/24,Full Service Restaurants,Cowboy Jack's,S320,4
9/2/24,Full Service Restaurants,CRAVE,S368,4
9/2/24,Attractions + Entertainment,Crayola Experience,S300,4
9/2/24,Toys + Games + Hobbies,Crayola Store,S300,4
9/2/24,Shoes,Crocs,N108,4
9/2/24,Mall of America® Gift Cards,Custom World,E275,4
9/2/24,Sweets + Treats,Dairy Queen/Orange Julius,E282,4
9/2/24,Fast Casual,DeLeo Bros Pizza,E123,4
9/2/24,Sweets + Treats,Doc Popcorn,E306,4
9/2/24,Home,Doremi Sofa,E264,4
9/2/24,Shoes,Dr. Martens,N138,4
9/2/24,Shoes,DSW,W124,4
9/2/24,Shoes,DTLR,N244,4
9/2/24,Coffee + Tea,Dunkin',E280,4
9/2/24,Convenience,Ebisu,N306,4
9/2/24,Women's Apparel,Eddie Bauer,S214,4
9/2/24,Women's Apparel,Edikted,W209,4
9/2/24,Women's Apparel,EVEREVE,W132,4
9/2/24,Women's Apparel,Everything But Water,W290,4
9/2/24,Women's Apparel,Express,W204,4
9/2/24,Eyewear,Eyebobs,W128,4
9/2/24,Women's Apparel,Fabletics,W134,4
9/2/24,Shoes,Famous Footwear,W310,4
9/2/24,Shoes,Famous Footwear,N151,4
9/2/24,Health + Beauty,Final Cut Sports Barbershop,N372,4
9/2/24,Home,Five Below,E334,4
9/2/24,Jewelry + Watches,Fixology,N390,4
9/2/24,Women's Apparel,FJALLRAVEN,S128,4
9/2/24,Men's Apparel,Focused Clothing,N382,4
9/2/24,Shoes,Foot Locker,N356,4
9/2/24,Women's Apparel,Forever 21,E144,4
9/2/24,Jewelry + Watches,Fossil,S180,4
9/2/24,Women's Apparel,Francesca's Collections,N216,4
9/2/24,Women's Apparel,Franki by Francesca's,S290,4
9/2/24,Women's Apparel,Free People,S149,4
9/2/24,Sweets + Treats,Freshens Crepes and Smoothies,W328,4
9/2/24,Toys + Games + Hobbies,Games by James,E358,4
9/2/24,Electronics + Tech,GameStop,N351,4
9/2/24,Women's Apparel,Garage,N140,4
9/2/24,Health + Beauty,GNC/General Nutrition Center,N370,4
9/2/24,Women's Apparel,Goldy's Locker Room,W366,4
9/2/24,Home,Good Health Saunas,N384,4
9/2/24,Jewelry + Watches,gorjana,W126,4
9/2/24,Men's Apparel,Got Kilt?,W385,4
9/2/24,Sweets + Treats,Great American Cookies,E283,4
9/2/24,Sweets + Treats,Great American Cookies,W152,4
9/2/24,Attractions + Entertainment,Great Big Game Show,E300,4
9/2/24,Food Court,Great Steak & Potato,C368,4
9/2/24,Food Court,Great Steak & Potato,S388,4
9/2/24,Women's Apparel,GUESS,S260,4
9/2/24,Women's Apparel,H&M,C118,4
9/2/24,Men's Apparel,H&M Man,C218,4
9/2/24,Women's Apparel,H.O.Q.K. House of Queens and Kings,S256,4
9/2/24,Sweets + Treats,Häagen-Dazs,E130,4
9/2/24,Men's Apparel,Hammer Made,S150,4
9/2/24,Jewelry + Watches,Helzberg Diamonds,W154,4
9/2/24,Books + Cards + Gifts,Herbal Alchemy,W369,4
9/2/24,Jewelry + Watches,Heritage Estate Jewelry Co.,E290,4
9/2/24,Books + Cards + Gifts,Hideaway Express,E352,4
9/2/24,Women's Apparel,Hockey Minnesota by Goldy's Locker Room,E160,4
9/2/24,Convenience,Holiday Stationstore,W123,4
9/2/24,Women's Apparel,Hollister,W210,4
9/2/24,Home,Home & Beyond,N200,4
9/2/24,Full Service Restaurants,Hooters,E404,4
9/2/24,Women's Apparel,Hot Topic,N168,4
9/2/24,Home,I Love Minnesota,W372,4
9/2/24,Food Court,Ichiddo Ramen,C322,4
9/2/24,Jewelry + Watches,Impulse,E360,4
9/2/24,Men's Apparel,INDOCHINO,S107,4
9/2/24,n/a,Iris Galerie,E104,4
9/2/24,Sweets + Treats,IT'SUGAR,N270,4
9/2/24,Women's Apparel,J.Jill,S228,4
9/2/24,Fast Casual,Jamba Juice,E317,4
9/2/24,Shoes,JD,E241,4
9/2/24,Food Court,Johnny Rockets,S370,4
9/2/24,Shoes,Johnston & Murphy,W144,4
9/2/24,Shoes,Journeys,N154,4
9/2/24,Coffee + Tea,Juicebox,C310,4
9/2/24,Toys + Games + Hobbies,Kappa Toys,S238,4
9/2/24,Luggage + Bags,kate spade new york,S106,4
9/2/24,Jewelry + Watches,Kay Jewelers,N174,4
9/2/24,Jewelry + Watches,Kendra Scott,S156,4
9/2/24,Shoes,Kids Foot Locker,N356,4
9/2/24,Health + Beauty,Kiehl's,N121,4
9/2/24,Shoes,Kizik,W282,4
9/2/24,Toys + Games + Hobbies,Knit & Crochet,W388,4
9/2/24,Full Service Restaurants,Kura Sushi,N378,4
9/2/24,Health + Beauty,L'Occitane,W268,4
9/2/24,Health + Beauty,L.A. Nails,W364,4
9/2/24,Women's Apparel,L.L.Bean,S100,4
9/2/24,Sweets + Treats,La Michoacana Purepecha,E284,4
9/2/24,Women's Apparel,Lane Bryant,S229,4
9/2/24,Jewelry + Watches,Larissa Loden,W292,4
9/2/24,Eyewear,Lenscrafters,N304,4
9/2/24,Men's Apparel,LEVELS,W358,4
9/2/24,Women's Apparel,Levi's,S262,4
9/2/24,Women's Apparel,Lids,E346,4
9/2/24,Women's Apparel,Lids,E178,4
9/2/24,Women's Apparel,Lids,N274,4
9/2/24,Sweets + Treats,Lindt Chocolate,S284,4
9/2/24,Accessories,Little Words Project,N132,4
9/2/24,Home,LLAKTA,S282,4
9/2/24,Shoes,LMNTS,N221,4
9/2/24,Women's Apparel,Loft,S270,4
9/2/24,Food Court,Long John Silvers,S378,4
9/2/24,Jewelry + Watches,Lotus Beads,N368,4
9/2/24,Books + Cards + Gifts,Love From Minnesota,W380,4
9/2/24,Home,Lovesac,W327,4
9/2/24,Jewelry + Watches,Lovisa,W270,4
9/2/24,n/a,Lovisa,N149,4
9/2/24,Women's Apparel,lululemon experiential store,W116,4
9/2/24,Health + Beauty,LUSH,N186,4
9/2/24,Health + Beauty,M Health Fairview,E332,4
9/2/24,Health + Beauty,MAC Cosmetics,W294,4
9/2/24,Women's Apparel,Madewell,S143,4
9/2/24,Mall of America® Gift Cards,Maggie's Boutique,E102,4
9/2/24,Books + Cards + Gifts,Mall of America® Gift Store,E285,4
9/2/24,Books + Cards + Gifts,Mall of America® Gift Store,S225,4
9/2/24,Full Service Restaurants,Margaritaville,E344,4
9/2/24,Women's Apparel,Marine Layer,W156,4
9/2/24,Fast Casual,Master Noodle,S319,4
9/2/24,Women's Apparel,maurices,E212,4
9/2/24,Men's Apparel,MCMillions Apparel,S222,4
9/2/24,Luggage + Bags,Michael Kors,S184,4
9/2/24,Books + Cards + Gifts,Minnesot-ah!,E157,4
9/2/24,Electronics + Tech,Mobile Zone,E266,4
9/2/24,Sweets + Treats,Mochinut,E244,4
9/2/24,Women's Apparel,Mona Williams,S286,4
9/2/24,Attractions + Entertainment,Moose Mountain Adventure Golf,N376,4
9/2/24,Men's Apparel,Mugsy,S170,4
9/2/24,Attractions + Entertainment,Museum of Illusions,C281,4
9/2/24,Services,Mystic Lake Casino Hotel,E296,4
9/2/24,Food Court,Naf Naf Grill,C326,4
9/2/24,Health + Beauty,Nail Trix,E363,4
9/2/24,Fast Casual,Nautical Bowls,S336,4
9/2/24,Health + Beauty,Nectar Bath Treats,E125,4
9/2/24,Coffee + Tea,Nespresso,W133,4
9/2/24,Services,New Dragon Acupressure,E268,4
9/2/24,Shoes,Nike Mall of America,W227,4
9/2/24,Local Business,Niko Niko Boba,N123,4
9/2/24,Coffee + Tea,Niko Niko Boba,S343,4
9/2/24,Coffee + Tea,Niko Niko Boba,N392,4
9/2/24,Fast Casual,Noodles & Company,S342,4
9/2/24,Women's Apparel,Nordstrom Rack,W324,4
9/2/24,Sweets + Treats,Northwoods Candy Emporium,N312,4
9/2/24,Sweets + Treats,Nothing Bundt Cakes®,N294,4
9/2/24,Health + Beauty,NULEEV CBD,W286,4
9/2/24,Eyewear,Oakley,N107,4
9/2/24,Eyewear,Oakley,N260,4
9/2/24,Women's Apparel,OFFL/NE™ by Aerie,S162,4
9/2/24,Children's Apparel,Oh Baby!,N284,4
9/2/24,Women's Apparel,Old Navy,E138,4
9/2/24,Services,Old Time Photos,N374,4
9/2/24,Attractions + Entertainment,Onionhead's Revenge,S200,4
9/2/24,Sweets + Treats,Oppa Sweets,W384,4
9/2/24,Kids,PAC 1980,E247,4
9/2/24,Women's Apparel,PacSun,E246,4
9/2/24,Food Court,Panda Express,C370,4
9/2/24,Food Court,Panda Express,S374,4
9/2/24,Jewelry + Watches,Pandora Jewelry,N127,4
9/2/24,Fast Casual,Panera Bread,S316,4
9/2/24,Books + Cards + Gifts,Paper Source,N116,4
9/2/24,Home,Pepper Palace,N345,4
9/2/24,Health + Beauty,Perfumania,N219,4
9/2/24,Jewelry + Watches,Persepolis,W383,4
9/2/24,Food Court,Piada Italian Street Food,N326,4
9/2/24,Women's Apparel,Pink,W220,4
9/2/24,Fast Casual,Popeyes Louisiana Kitchen,S391,4
9/2/24,Food Court,Poukei,C380,4
9/2/24,Health + Beauty,Princess & Diva Kids Fun Spa,E368,4
9/2/24,Women's Apparel,Pro Image Sports,N258,4
9/2/24,Men's Apparel,Psycho Bunny,W160,4
9/2/24,Home,Purple Mattress,S108,4
9/2/24,Food Court,Qdoba,C364,4
9/2/24,Women's Apparel,Ragstock,N144,4
9/2/24,Women's Apparel,Ragstock,S276,4
9/2/24,Men's Apparel,Rainbow,E309,4
9/2/24,Full Service Restaurants,Rainforest Cafe,S306,4
9/2/24,Health + Beauty,Relaxing Massage,N367,4
9/2/24,Attractions + Entertainment,Rick Bronson's House of Comedy,E408,4
9/2/24,Jewelry + Watches,Riddle's Jewelry,S292,4
9/2/24,Toys + Games + Hobbies,Ridemakerz,E152,4
9/2/24,Attractions + Entertainment,Rock of Ages Blacklight Minigolf,E336,4
9/2/24,Sweets + Treats,Rocket Fizz,E148,4
9/2/24,Sweets + Treats,Rocky Mountain Chocolate Factory,E128,4
9/2/24,Services,Rowan,S158,4
9/2/24,Men's Apparel,Royalty Apparel,W368,4
9/2/24,Food Court,Ruby Thai Kitchen,S379,4
9/2/24,Food Court,Sbarro,S390,4
9/2/24,Attractions + Entertainment,SEA LIFE Minnesota Aquarium,E120,4
9/2/24,Health + Beauty,Sephora,W200,4
9/2/24,Eyewear,Shady Rays,N170,4
9/2/24,Fast Casual,Shake Shack,N332,4
9/2/24,Health + Beauty,Shiatsu Renu,W390,4
9/2/24,Health + Beauty,Shiatsu Renu | Kiosk,E220,4
9/2/24,Shoes,Skechers,N214,4
9/2/24,Food Court,Slice Brothers Pizza,C335,4
9/2/24,Accessories,Socks & Bottoms,E112,4
9/2/24,Shoes,SoftMoc,N159,4
9/2/24,Women's Apparel,Soma,W135,4
9/2/24,Accessories,Sox Appeal,W391,4
9/2/24,Home,Spencer's,N354,4
9/2/24,Home,Spencer's,N275,4
9/2/24,Women's Apparel,Spirit Halloween,S104,4
9/2/24,Toys + Games + Hobbies,Squishable®,E106,4
9/2/24,Accessories,Stance,N262,4
9/2/24,Coffee + Tea,Starbucks @ Barnes & Noble,E118,4
9/2/24,Coffee + Tea,Starbucks Coffee,E164,4
9/2/24,Coffee + Tea,Starbucks Coffee,W276,4
9/2/24,Shoes,Steve Madden,N282,4
9/2/24,Convenience,Street Corner News,E122,4
9/2/24,Sweets + Treats,Sugar Factory Express,S339,4
9/2/24,Eyewear,Sunglass Hut,W296,4
9/2/24,Eyewear,Sunglass Hut,W362,4
9/2/24,Eyewear,Sunglass Hut,N256,4
9/2/24,Eyewear,Sunglass Hut,N118,4
9/2/24,Jewelry + Watches,Swarovski,N288,4
9/2/24,Jewelry + Watches,Swatch,E162,4
9/2/24,Fast Casual,Sweet Paris Crêperie and Café,N100,4
9/2/24,Electronics + Tech,T-Mobile,S118,4
9/2/24,Attractions + Entertainment,Tactical Urban Combat,W340,4
9/2/24,Children's Apparel,The Children's Place,S272,4
9/2/24,Attractions + Entertainment,The Escape Game,E300,4
9/2/24,Attractions + Entertainment,The Fair on 4,E402,4
9/2/24,Jewelry + Watches,The Inspiration Company,E110,4
9/2/24,Attractions + Entertainment,The LEGO Store,S164,4
9/2/24,Men's Apparel,The Normal Brand,S142,4
9/2/24,Women's Apparel,The North Face,S166,4
9/2/24,Men's Apparel,Third Degree Heat,W244,4
9/2/24,Women's Apparel,Tilly's,N246,4
9/2/24,Shoes,Timberland,W278,4
9/2/24,Women's Apparel,Tommy Bahama,W235,4
9/2/24,Women's Apparel,Torrid,N148,4
9/2/24,Toys + Games + Hobbies,Toys and Games @ Barnes & Noble,E118,4
9/2/24,Toys + Games + Hobbies,"Toys""R""Us Flagship",E141,4
9/2/24,Shoes,Tradehome Shoes,E156,4
9/2/24,Accessories,Travel Style Luggage,S105,4
9/2/24,Men's Apparel,TravisMathew,S173,4
9/2/24,Sweets + Treats,Treats Cereal Bar + Boba,E372,4
9/2/24,Women's Apparel,Trendica,S206,4
9/2/24,Men's Apparel,True Classic,S130,4
9/2/24,Luggage + Bags,Tumi,W140,4
9/2/24,Full Service Restaurants,Twin City Grill,N130,4
9/2/24,Books + Cards + Gifts,UBetcha!,E154,4
9/2/24,Shoes,UGG,S144,4
9/2/24,Health + Beauty,Ulta Beauty,E215,4
9/2/24,Women's Apparel,Under Armour,W240,4
9/2/24,Coffee + Tea,Uni Uni,E114,4
9/2/24,Mall of America® Gift Cards,Unique,N365,4
9/2/24,Men's Apparel,UNTUCKit,N114,4
9/2/24,Women's Apparel,Urban Outfitters,W122,4
9/2/24,Men's Apparel,Urban Planet,E248,4
9/2/24,Shoes,Vans,N254,4
9/2/24,Luggage + Bags,Vera Bradley,S288,4
9/2/24,Late Night Dining,Vern's Bayou Bar,S200,4
9/2/24,Jewelry + Watches,Veronica's Jewelry,W387,4
9/2/24,Women's Apparel,Victoria's Secret,W220,4
9/2/24,Women's Apparel,Victoria's Secret,N178,4
9/2/24,Women's Apparel,"Vikings Locker Room, a Fanatics Experience",E126,4
9/2/24,Food Court,Vitali's Kitchen,S392,4
9/2/24,Men's Apparel,Vuori,S152,4
9/2/24,Sweets + Treats,Wafels & Dinges,W360,4
9/2/24,Full Service Restaurants,Wahlburgers,N234,4
9/2/24,Convenience,Walgreens,E330,4
9/2/24,Eyewear,Warby Parker,W158,4
9/2/24,Jewelry + Watches,Watches of Switzerland,W136,4
9/2/24,Health + Beauty,waterdrop®,W165,4
9/2/24,Toys + Games + Hobbies,Wax Hands,N218,4
9/2/24,Women's Apparel,White House | Black Market,S148,4
9/2/24,Women's Apparel,Wilson,N101,4
9/2/24,Women's Apparel,Windsor,N240,4
9/2/24,Attractions + Entertainment,Wink World,N380,4
9/2/24,Health + Beauty,Worker B,S126,4
9/2/24,Attractions + Entertainment,Xscape Arcade,E342,4
9/2/24,Home,Yankee Candle Co.,N286,4
9/2/24,Jewelry + Watches,Zales,E240,4
9/2/24,Women's Apparel,Zara,C185,4
9/2/24,Women's Apparel,Zumiez,N236,4
9/2/24,Home,Zwilling,S168,4
9/2/24,Home,3D World,E278,4
9/2/24,Men's Apparel,5bulouz,S204,4