Method,Date,Payee,Amount
Checking,2014-01-06,Dunn Brothers Coffee,2.09
Checking,2014-01-06,Dunn Brothers Coffee,2.09
Checking,2014-01-06,Starbucks,10.0
Checking,2014-01-06,Starbucks,10.0
Checking,2014-01-06,Starbucks,3.43
Checking,2014-01-06,Starbucks,1.84
Checking,2014-01-07,Dunn Brothers Coffee,2.09
Checking,2014-01-07,Starbucks,5.0
Checking,2014-01-08,Starbucks,18.89
Checking,2014-01-09,Dunn Brothers Coffee,4.64
Checking,2014-01-09,Starbucks,3.43
Checking,2014-01-10,Starbucks,5.0
Checking,2014-01-10,Starbucks,5.0
Checking,2014-01-10,Starbucks,0.33
Checking,2014-01-13,Starbucks,20.0
Checking,2014-01-13,Starbucks,4.69
Checking,2014-01-15,Starbucks,5.0
Checking,2014-01-21,Starbucks,5.0
Checking,2014-01-24,Starbucks,10.0
Visa,2014-01-27,Black Dog Coffee,5.97
Visa,2014-01-27,Starbucks,5.6
Visa,2014-01-27,Starbucks,3.72
Checking,2014-01-27,Starbucks,3.7
Checking,2014-01-31,Starbucks,7.94
Checking,2014-02-01,Starbucks,10.0
Checking,2014-02-03,Starbucks,10.0
Checking,2014-02-03,Starbucks,4.93
Checking,2014-02-04,Caribou,1.87
Checking,2014-02-06,Starbucks,3.43
Checking,2014-02-07,Dunn Brothers Coffee,4.64
Checking,2014-02-07,Starbucks,5.0
Checking,2014-02-07,Starbucks,3.43
Checking,2014-02-07,Starbucks,2.79
Checking,2014-02-10,Dunn Brothers Coffee,2.31
Checking,2014-02-10,Starbucks,10.0
Checking,2014-02-10,Starbucks,5.0
Checking,2014-02-12,Starbucks,3.43
Checking,2014-02-13,Starbucks,3.43
Checking,2014-02-14,Starbucks,10.0
Checking,2014-02-14,Starbucks,4.65
Checking,2014-02-14,Starbucks,3.43
Checking,2014-02-18,Caribou,4.82
Checking,2014-02-18,Starbucks,7.6
Checking,2014-02-18,Starbucks,5.0
Checking,2014-02-18,Starbucks,3.7
Checking,2014-02-18,Starbucks,1.6
Checking,2014-02-19,Starbucks,3.43
Checking,2014-02-20,Starbucks,5.0
Checking,2014-02-22,Caribou,14.54
Checking,2014-02-24,Starbucks,4.45
Checking,2014-02-25,Dunn Brothers Coffee,2.09
Visa,2014-02-27,Starbucks,3.43
Checking,2014-02-27,Starbucks,3.43
Checking,2014-02-28,Caribou,4.63
Checking,2014-02-28,Starbucks,3.43
Checking,2014-03-03,Caribou,6.94
Checking,2014-03-03,Starbucks,6.36
Checking,2014-03-03,Starbucks,3.72
Checking,2014-03-03,Starbucks,3.7
Checking,2014-03-03,Starbucks,3.43
Checking,2014-03-05,Caribou,4.42
Checking,2014-03-05,Dunn Brothers Coffee,4.64
Checking,2014-03-05,Starbucks,3.7
Checking,2014-03-05,Starbucks,3.43
Checking,2014-03-06,Starbucks,10.94
Checking,2014-03-06,Starbucks,3.43
Checking,2014-03-07,Dunn Brothers Coffee,4.64
Checking,2014-03-07,Starbucks,3.72
Checking,2014-03-07,Starbucks,3.72
Checking,2014-03-08,Caribou,6.2
Checking,2014-03-10,Dunn Brothers Coffee,4.64
Checking,2014-03-10,Starbucks,3.82
Checking,2014-03-14,Starbucks,9.89
Checking,2014-03-16,Starbucks,19.14
Checking,2014-03-16,Starbucks,1.6
Checking,2014-03-17,Starbucks,6.77
Checking,2014-03-17,Starbucks,6.33
Checking,2014-03-17,Starbucks,4.14
Checking,2014-03-17,Starbucks,3.72
Checking,2014-03-19,Dunn Brothers Coffee,4.64
Checking,2014-03-19,Starbucks,10.0
Checking,2014-03-20,Dunn Brothers Coffee,2.54
Checking,2014-03-20,Starbucks,3.5
Checking,2014-03-20,Starbucks,0.59
Checking,2014-03-21,Caribou,5.08
Checking,2014-03-24,Dunn Brothers Coffee,4.64
Checking,2014-03-24,Dunn Brothers Coffee,2.99
Checking,2014-03-24,Dunn Brothers Coffee,2.09
Checking,2014-03-24,Starbucks,9.82
Checking,2014-03-24,Starbucks,6.36
Checking,2014-03-24,Starbucks,3.7
Checking,2014-03-24,Starbucks,3.7
Checking,2014-03-26,Starbucks,3.72
Checking,2014-03-27,Starbucks,3.72
Checking,2014-03-27,Starbucks,3.43
Checking,2014-03-27,Starbucks,3.43
Checking,2014-03-27,Starbucks,3.43
Checking,2014-03-27,Starbucks,3.43
Checking,2014-03-27,Starbucks,3.43
Checking,2014-03-28,Dunn Brothers Coffee,2.09
Checking,2014-03-28,Starbucks,3.72
Checking,2014-03-31,Starbucks,4.47
Checking,2014-03-31,Starbucks,3.72
Checking,2014-03-31,Starbucks,3.72
Checking,2014-03-31,Starbucks,3.43
Checking,2014-03-31,Starbucks,3.43
Checking,2014-04-01,Starbucks,6.36
Checking,2014-04-03,Starbucks,10.94
Checking,2014-04-04,Caribou,2.54
Checking,2014-04-04,Starbucks,4.98
Checking,2014-04-04,Starbucks,3.72
Checking,2014-04-04,Starbucks,3.72
Checking,2014-04-07,Starbucks,9.65
Checking,2014-04-07,Starbucks,7.19
Checking,2014-04-08,Dunn Brothers Coffee,2.09
Checking,2014-04-08,Starbucks,3.82
Checking,2014-04-09,Caribou,2.09
Checking,2014-04-09,Dunn Brothers Coffee,4.64
Checking,2014-04-09,Starbucks,6.97
Checking,2014-04-09,Starbucks,3.43
Checking,2014-04-09,Starbucks,3.43
Checking,2014-04-14,Caribou,4.39
Checking,2014-04-14,Dunn Brothers Coffee,2.09
Checking,2014-04-14,Starbucks,14.6
Checking,2014-04-14,Starbucks,3.43
Checking,2014-04-14,Starbucks,3.43
Checking,2014-04-15,Dunn Brothers Coffee,2.09
Checking,2014-04-15,Starbucks,10.62
Checking,2014-04-15,Starbucks,3.72
Checking,2014-04-15,Starbucks,3.43
Checking,2014-04-18,Starbucks,3.7
Checking,2014-04-19,Starbucks,5.6
Checking,2014-04-19,Starbucks,4.47
Checking,2014-04-20,Starbucks,12.13
Checking,2014-04-21,Starbucks,3.23
Checking,2014-04-21,Tea Garden,4.36
Amex,2014-04-23,Dunn Brothers Coffee,2.09
Checking,2014-04-23,Dunn Brothers Coffee,4.64
Amex,2014-04-23,Starbucks,7.39
Amex,2014-04-23,Starbucks,6.36
Checking,2014-04-23,Starbucks,3.43
Amex,2014-04-24,Starbucks,10.94
Amex,2014-04-24,Starbucks,3.82
Checking,2014-04-28,Starbucks,6.9
Checking,2014-04-28,Starbucks,3.72
Checking,2014-04-28,Starbucks,3.43
Checking,2014-04-29,Starbucks,3.72
Checking,2014-04-29,Starbucks,3.43
Checking,2014-04-29,Tea Garden,4.34
Checking,2014-04-30,Dunn Brothers Coffee,2.09
Checking,2014-04-30,Starbucks,10.0
Checking,2014-04-30,Starbucks,3.49
Checking,2014-05-01,Dunn Brothers Coffee,2.31
Checking,2014-05-01,Starbucks,9.59
Checking,2014-05-05,Nokomis Beach Coffee,2.05
Checking,2014-05-05,Starbucks,14.92
Checking,2014-05-05,Starbucks,7.4
Checking,2014-05-05,Starbucks,3.43
Checking,2014-05-05,Starbucks,3.43
Checking,2014-05-05,Starbucks,1.94
Checking,2014-05-05,Starbucks,1.61
Checking,2014-05-05,Starbucks,1.5
Checking,2014-05-05,Starbucks,1.26
Checking,2014-05-05,Starbucks,1.12
Checking,2014-05-05,Tea Garden,4.36
Checking,2014-05-06,Caribou,5.95
Checking,2014-05-07,Starbucks,10.0
Checking,2014-05-07,Starbucks,3.43
Checking,2014-05-08,Starbucks,7.19
Checking,2014-05-09,Starbucks,3.43
Checking,2014-05-09,Starbucks,2.09
Checking,2014-05-12,Starbucks,10.0
Checking,2014-05-12,Starbucks,7.39
Checking,2014-05-14,Dunn Brothers Coffee,2.09
Checking,2014-05-15,Starbucks,10.63
Amex,2014-05-18,Starbucks,10.0
Checking,2014-05-19,Starbucks,11.1
Checking,2014-05-19,Starbucks,1.25
Amex,2014-05-22,Starbucks,10.0
Checking,2014-05-23,Starbucks,4.77
Checking,2014-05-27,Starbucks,6.0
Checking,2014-05-27,Starbucks,5.0
Checking,2014-05-28,Caribou,2.09
Checking,2014-05-28,Starbucks,10.0
Checking,2014-05-28,Starbucks,5.09
Amex,2014-05-29,Starbucks,5.0
Checking,2014-05-30,Starbucks,3.49
Checking,2014-06-02,Caribou,4.42
Checking,2014-06-02,Starbucks,8.7
Checking,2014-06-09,I am Coffee,3.77
Checking,2014-06-09,Starbucks,20.0
Checking,2014-06-09,Starbucks,7.73
Checking,2014-06-09,Tea Garden,4.34
Checking,2014-06-12,Starbucks,3.82
Checking,2014-06-16,Starbucks,5.6
Checking,2014-06-16,Starbucks,4.47
Checking,2014-06-16,Starbucks,4.36
Checking,2014-06-16,Starbucks,3.9
Checking,2014-06-17,Starbucks,3.43
Checking,2014-06-18,Caribou,4.41
Checking,2014-06-18,Starbucks,6.36
Checking,2014-06-18,Starbucks,5.07
Checking,2014-06-18,Starbucks,4.69
Checking,2014-06-20,Starbucks,0.93
Checking,2014-06-23,Starbucks,10.0
Checking,2014-06-23,Starbucks,7.93
Checking,2014-06-23,Starbucks,5.0
Checking,2014-06-23,Starbucks,3.43
Checking,2014-06-25,Starbucks,10.0
Checking,2014-06-26,Dunn Brothers Coffee,4.64
Checking,2014-06-26,Starbucks,3.43
Checking,2014-06-27,Starbucks,15.6
Checking,2014-06-30,Starbucks,0.18
Checking,2014-07-01,Starbucks,10.0
Checking,2014-07-02,Dunn Brothers Coffee,2.09
Checking,2014-07-02,Starbucks,13.84
Checking,2014-07-02,Starbucks,3.82
Checking,2014-07-03,Caribou,2.09
Checking,2014-07-07,Caribou,1.81
Checking,2014-07-07,Dunn Brothers Coffee,2.31
Checking,2014-07-07,Dunn Brothers Coffee,2.09
Checking,2014-07-07,Starbucks,7.94
Checking,2014-07-07,Starbucks,3.72
Checking,2014-07-07,Starbucks,3.7
Checking,2014-07-07,Starbucks,3.7
Checking,2014-07-07,Starbucks,3.43
Checking,2014-07-07,Tea Garden,5.26
Checking,2014-07-09,Dunn Brothers Coffee,2.09
Checking,2014-07-09,Starbucks,3.82
Checking,2014-07-09,Starbucks,3.43
Checking,2014-07-10,Starbucks,9.93
Checking,2014-07-14,Starbucks,10.94
Checking,2014-07-14,Starbucks,3.43
Checking,2014-07-14,Starbucks,0.51
Checking,2014-07-15,Starbucks,20.0
Checking,2014-07-17,I am Coffee,3.77
Checking,2014-07-18,Starbucks,7.44
Checking,2014-07-21,Starbucks,5.0
Checking,2014-07-21,Starbucks,2.84
Checking,2014-07-22,Starbucks,5.28
Checking,2014-07-22,Starbucks,5.0
Checking,2014-07-22,Starbucks,3.82
Checking,2014-07-23,Starbucks,15.0
Checking,2014-07-24,Caribou,2.54
Checking,2014-07-24,Starbucks,3.43
Checking,2014-07-24,Starbucks,2.54
Checking,2014-07-25,Caribou,4.42
Checking,2014-07-25,Dunn Brothers Coffee,1.18
Checking,2014-07-25,Starbucks,2.3
Checking,2014-07-28,Dunn Brothers Coffee,2.31
Checking,2014-07-28,Starbucks,10.0
Checking,2014-07-28,Starbucks,3.7
Checking,2014-08-04,Starbucks,10.0
Checking,2014-08-04,Starbucks,6.37
Checking,2014-08-04,Starbucks,3.41
Checking,2014-08-06,Overlook Coffee,1.64
Checking,2014-08-06,Starbucks,5.0
Checking,2014-08-08,Starbucks,6.9
Checking,2014-08-11,Starbucks,10.0
Checking,2014-08-11,Starbucks,10.0
Checking,2014-08-11,Starbucks,1.55
Checking,2014-08-11,Tea Garden,10.44
Checking,2014-08-12,Starbucks,15.0
Checking,2014-08-15,Starbucks,5.0
Checking,2014-08-18,Starbucks,20.0
Checking,2014-08-25,Starbucks,3.28
Checking,2014-08-27,Dunn Brothers Coffee,2.31
Checking,2014-08-28,Dunn Brothers Coffee,2.09
Amex,2014-08-28,Starbucks,10.0
Checking,2014-08-29,Starbucks,5.0
Checking,2014-08-29,Starbucks,0.2
Checking,2014-09-02,Starbucks,10.0
Checking,2014-09-10,Starbucks,4.47
Checking,2014-09-14,Starbucks,8.61
Checking,2014-09-14,Starbucks,4.45
Checking,2014-09-15,Dunn Brothers Coffee,2.09
Checking,2014-09-16,Starbucks,6.33
Checking,2014-09-22,Starbucks,14.07
Checking,2014-09-22,Starbucks,4.47
Checking,2014-09-26,Starbucks,4.47
Checking,2014-09-26,Starbucks,3.7
Checking,2014-09-29,Starbucks,19.3
Checking,2014-10-06,Dunn Brothers Coffee,2.31
Checking,2014-10-06,Starbucks,7.94
Checking,2014-10-06,Starbucks,6.73
Checking,2014-10-07,Starbucks,6.36
Amex,2014-10-10,Starbucks,3.7
Visa,2014-10-20,Starbucks,6.9
Checking,2014-10-21,Starbucks,6.9
Checking,2014-10-22,Starbucks,6.9
Checking,2014-10-23,Starbucks,6.9
Checking,2014-10-23,Starbucks,3.82
Checking,2014-10-23,Starbucks,3.43
Checking,2014-10-24,Dunn Brothers Coffee,2.43
Checking,2014-10-24,Starbucks,6.9
Checking,2014-10-27,Dunn Brothers Coffee,3.19
Checking,2014-10-27,Starbucks,12.18
Checking,2014-10-27,Starbucks,7.29
Checking,2014-10-27,Starbucks,3.43
Checking,2014-10-29,Starbucks,9.54
Checking,2014-10-30,Starbucks,6.9
Checking,2014-10-31,Starbucks,6.9
Checking,2014-11-03,Starbucks,6.9
Checking,2014-11-03,Starbucks,3.72
Checking,2014-11-03,Starbucks,3.7
Checking,2014-11-04,Dunn Brothers Coffee,3.53
Checking,2014-11-04,Starbucks,6.9
Checking,2014-11-04,Starbucks,6.33
Checking,2014-11-04,Starbucks,3.82
Checking,2014-11-04,Starbucks,3.43
Checking,2014-11-05,Starbucks,13.04
Checking,2014-11-07,Dunn Brothers Coffee,2.43
Checking,2014-11-07,Starbucks,6.79
Checking,2014-11-07,Starbucks,6.79
Checking,2014-11-10,Starbucks,9.49
Checking,2014-11-10,Starbucks,6.79
Checking,2014-11-10,Tea Garden,5.88
Checking,2014-11-12,Dunn Brothers Coffee,2.43
Checking,2014-11-12,Starbucks,6.79
Checking,2014-11-12,Starbucks,6.31
Checking,2014-11-12,Starbucks,6.25
Checking,2014-11-12,Starbucks,3.82
Checking,2014-11-13,Dunn Brothers Coffee,2.09
Checking,2014-11-17,Bull Run Coffee,4.25
Checking,2014-11-17,Starbucks,9.08
Checking,2014-11-17,Starbucks,3.13
Checking,2014-11-18,Starbucks,9.14
Checking,2014-11-18,Starbucks,6.79
Visa,2014-11-19,Starbucks,3.82
Checking,2014-11-19,Starbucks,6.79
Checking,2014-11-20,Starbucks,6.79
Checking,2014-11-20,Starbucks,6.36
Checking,2014-11-20,Starbucks,3.82
Checking,2014-11-24,Caribou,6.95
Checking,2014-11-24,Dunn Brothers Coffee,2.43
Checking,2014-11-24,Dunn Brothers Coffee,2.09
Checking,2014-11-24,Starbucks,10.83
Checking,2014-11-26,Dunn Brothers Coffee,2.09
Checking,2014-11-28,Caribou,12.52
Checking,2014-12-01,Starbucks,5.11
Visa,2014-12-02,Starbucks,3.82
Checking,2014-12-02,Starbucks,3.7
Checking,2014-12-04,Starbucks,9.32
Checking,2014-12-05,Starbucks,6.9
Checking,2014-12-08,Tea Garden,4.88
Visa,2014-12-09,Caribou,5.05
Visa,2014-12-09,Starbucks,13.04
Checking,2014-12-11,Starbucks,1.08
Checking,2014-12-12,Starbucks,15.45
Checking,2014-12-12,Starbucks,3.83
Checking,2014-12-15,Starbucks,3.72
Checking,2014-12-15,Starbucks,3.7
Checking,2014-12-16,Starbucks,12.18
Checking,2014-12-17,Dunn Brothers Coffee,2.09
Checking,2014-12-18,Dunn Brothers Coffee,2.43
Visa,2014-12-18,Starbucks,9.99
Checking,2014-12-18,Starbucks,6.9
Checking,2014-12-18,Starbucks,3.82
Checking,2014-12-19,Starbucks,6.9
Checking,2014-12-29,Starbucks,5.85
Checking,2014-12-29,Starbucks,3.72
Checking,2014-12-30,Dunn Brothers Coffee,2.43
Checking,2014-12-30,Starbucks,10.94
Checking,2014-12-30,Starbucks,7.94
Checking,2014-12-30,Starbucks,3.82
Checking,2014-12-30,Starbucks,2.41
Visa,2015-01-02,Caribou,4.86
Checking,2015-01-02,Starbucks,4.58
Checking,2015-01-05,Caribou,4.6
Checking,2015-01-06,Dunn Brothers Coffee,2.09
Checking,2015-01-06,Starbucks,3.9
Checking,2015-01-07,Starbucks,10.0
Checking,2015-01-08,Dunn Brothers Coffee,2.09
Checking,2015-01-08,Starbucks,5.69
Checking,2015-01-08,Starbucks,3.43
Checking,2015-01-09,Caribou,5.03
Checking,2015-01-09,Starbucks,3.72
Checking,2015-01-09,Starbucks,1.05
Amex,2015-01-11,Caribou,2.26
Checking,2015-01-12,Caribou,5.08
Checking,2015-01-12,Caribou,4.71
Checking,2015-01-12,Dunn Brothers Coffee,2.43
Checking,2015-01-12,Starbucks,6.36
Checking,2015-01-12,Starbucks,3.7
Checking,2015-01-12,Starbucks,3.18
Checking,2015-01-13,Starbucks,11.71
Checking,2015-01-14,Starbucks,11.0
Checking,2015-01-15,Dunn Brothers Coffee,2.43
Checking,2015-01-17,Starbucks,3.7
Checking,2015-01-20,Caribou,2.43
Checking,2015-01-20,Dogwood Coffee,4.26
Checking,2015-01-20,Starbucks,5.85
Checking,2015-01-21,Starbucks,7.44
Checking,2015-01-24,Starbucks,17.71
Checking,2015-01-26,Starbucks,12.72
Checking,2015-01-26,Starbucks,3.92
Checking,2015-01-26,Starbucks,3.82
Checking,2015-01-28,Starbucks,6.36
Checking,2015-01-28,Starbucks,3.7
Checking,2015-01-29,Starbucks,4.6
Checking,2015-01-30,Starbucks,3.82
Checking,2015-02-02,Bull Run Coffee,7.7
Checking,2015-02-02,Starbucks,13.85
Checking,2015-02-02,Starbucks,11.05
Checking,2015-02-02,Starbucks,3.92
Checking,2015-02-02,Starbucks,3.82
Checking,2015-02-02,Starbucks,3.38
Checking,2015-02-03,Dunn Brothers Coffee,2.43
Checking,2015-02-03,Starbucks,5.58
Checking,2015-02-04,Starbucks,8.89
Checking,2015-02-05,Caribou,4.97
Checking,2015-02-05,Dunn Brothers Coffee,4.64
Checking,2015-02-05,Starbucks,7.31
Checking,2015-02-05,Starbucks,3.72
Checking,2015-02-07,Starbucks,14.45
Checking,2015-02-09,Starbucks,13.69
Checking,2015-02-12,Bull Run Coffee,7.5
Checking,2015-02-12,Starbucks,8.75
Checking,2015-02-12,Starbucks,7.44
Checking,2015-02-12,Starbucks,4.6
Checking,2015-02-13,Starbucks,7.54
Checking,2015-02-13,Starbucks,4.6
Checking,2015-02-17,Caribou,4.86
Checking,2015-02-17,Dunn Brothers Coffee,2.43
Checking,2015-02-17,Starbucks,8.57
Checking,2015-02-17,Starbucks,6.79
Checking,2015-02-17,Starbucks,6.79
Checking,2015-02-17,Starbucks,4.45
Visa,2015-02-18,Starbucks,3.72
Checking,2015-02-18,Starbucks,4.23
Checking,2015-02-20,Dunn Brothers Coffee,4.96
Checking,2015-02-23,Starbucks,9.06
Checking,2015-02-24,Dunn Brothers Coffee,2.43
Checking,2015-02-24,Starbucks,6.54
Checking,2015-02-24,Starbucks,3.7
Checking,2015-02-25,Starbucks,9.43
Checking,2015-02-26,Dunn Brothers Coffee,2.43
Checking,2015-02-26,Starbucks,5.76
Checking,2015-03-02,Bull Run Coffee,4.25
Checking,2015-03-02,Caribou,4.94
Checking,2015-03-02,Dunn Brothers Coffee,4.96
Checking,2015-03-02,Starbucks,10.57
Checking,2015-03-02,Starbucks,8.3
Checking,2015-03-02,Starbucks,7.13
Checking,2015-03-02,Starbucks,3.92
Checking,2015-03-03,Starbucks,9.01
Checking,2015-03-03,Starbucks,7.44
Checking,2015-03-03,Starbucks,5.28
Checking,2015-03-09,Starbucks,15.2
Checking,2015-03-09,Starbucks,3.92
Checking,2015-03-10,Starbucks,5.58
Checking,2015-03-11,Starbucks,7.49
Checking,2015-03-12,Starbucks,14.66
Checking,2015-03-12,Starbucks,3.7
Checking,2015-03-16,Bull Run Coffee,2.5
Checking,2015-03-16,Starbucks,12.34
Checking,2015-03-16,Starbucks,7.67
Checking,2015-03-16,Starbucks,4.47
Checking,2015-03-16,Starbucks,3.92
Checking,2015-03-17,Starbucks,7.49
Checking,2015-03-18,Starbucks,16.38
Visa,2015-03-18,Starbucks,6.9
Checking,2015-03-19,Starbucks,3.92
Checking,2015-03-20,Bull Run Coffee,2.5
Checking,2015-03-20,Starbucks,3.92
Checking,2015-03-20,Starbucks,3.77
Checking,2015-03-20,Starbucks,3.07
Checking,2015-03-23,Starbucks,14.23
Checking,2015-03-25,Bull Run Coffee,2.5
Visa,2015-03-26,Starbucks,9.86
Visa,2015-03-26,Starbucks,3.75
Checking,2015-03-26,Starbucks,4.47
Checking,2015-03-27,Starbucks,3.72
Checking,2015-03-30,Starbucks,8.24
Checking,2015-03-30,Starbucks,4.45
Checking,2015-03-30,Starbucks,3.7
Checking,2015-03-30,Tea Garden,4.88
Checking,2015-03-31,Starbucks,16.38
Checking,2015-03-31,Starbucks,3.72
Checking,2015-04-01,Starbucks,7.83
Checking,2015-04-03,Starbucks,11.59
Checking,2015-04-03,Starbucks,7.54
Checking,2015-04-03,Starbucks,7.44
Checking,2015-04-03,Starbucks,1.95
Checking,2015-04-06,Starbucks,10.62
Checking,2015-04-06,Starbucks,7.33
Amex,2015-04-07,Starbucks,25.0
Checking,2015-04-07,Starbucks,6.39
Discover,2015-04-08,Starbucks,3.72
Checking,2015-04-13,Starbucks,12.45
Checking,2015-04-13,Starbucks,11.26
Checking,2015-04-14,Caribou,2.43
Checking,2015-04-15,Dunn Brothers Coffee,2.09
Checking,2015-04-15,Starbucks,4.11
Checking,2015-04-16,Caribou,4.86
Checking,2015-04-16,Caribou,2.43
Checking,2015-04-17,Caribou,2.43
Checking,2015-04-17,Starbucks,20.0
Checking,2015-04-20,Dunn Brothers Coffee,2.43
Amex,2015-04-20,Starbucks,25.0
Checking,2015-04-20,Starbucks,21.31
Checking,2015-04-21,Starbucks,11.59
Checking,2015-04-23,Caribou,2.43
Amex,2015-04-23,Starbucks,25.0
Checking,2015-04-24,Caribou,4.86
Checking,2015-04-24,Caribou,2.43
Amex,2015-04-26,Starbucks,25.0
Checking,2015-04-28,Caribou,2.09
Amex,2015-04-28,Starbucks,25.0
Checking,2015-04-29,Caribou,4.63
Amex,2015-05-01,Starbucks,25.0
Checking,2015-05-01,Starbucks,3.7
Checking,2015-05-04,Caribou,2.09
Checking,2015-05-06,I am Coffee,4.1
Amex,2015-05-06,Starbucks,25.0
Checking,2015-05-06,Starbucks,2.9
Amex,2015-05-08,Starbucks,25.0
Checking,2015-05-11,Starbucks,9.38
Checking,2015-05-13,Dunn Brothers Coffee,2.09
Checking,2015-05-14,Caribou,2.43
Checking,2015-05-15,Dunn Brothers Coffee,5.18
Amex,2015-05-16,Starbucks,25.0
Checking,2015-05-19,Dunn Brothers Coffee,3.19
Amex,2015-05-19,Starbucks,25.0
Checking,2015-05-20,Caribou,4.64
Checking,2015-05-20,Caribou,2.09
Amex,2015-05-21,Starbucks,25.0
Checking,2015-05-22,Caribou,2.09
Amex,2015-05-26,Starbucks,25.0
Checking,2015-05-26,Starbucks,11.94
Checking,2015-05-27,Caribou,2.09
Checking,2015-05-27,Starbucks,14.55
Checking,2015-05-28,Dunn Brothers Coffee,2.09
Checking,2015-05-29,Starbucks,22.2
Checking,2015-06-01,Starbucks,7.44
Checking,2015-06-02,Caribou,2.09
Checking,2015-06-02,Starbucks,10.83
Checking,2015-06-03,Caribou,2.09
Amex,2015-06-03,Starbucks,25.0
Checking,2015-06-04,Caribou,2.09
Amex,2015-06-08,Starbucks,25.0
Checking,2015-06-08,Starbucks,5.09
Checking,2015-06-08,Starbucks,4.6
Amex,2015-06-11,Starbucks,25.0
Checking,2015-06-15,Caribou,2.09
Amex,2015-06-15,Starbucks,25.0
Checking,2015-06-16,Caribou,2.09
Checking,2015-06-17,Caribou,2.09
Amex,2015-06-17,Starbucks,25.0
Checking,2015-06-17,Starbucks,3.7
Amex,2015-06-20,Starbucks,25.0
Checking,2015-06-22,Caribou,2.09
Amex,2015-06-22,Starbucks,25.0
Checking,2015-06-22,Starbucks,1.49
Checking,2015-06-23,Caribou,2.43
Amex,2015-06-24,Starbucks,25.0
Checking,2015-06-25,Caribou,2.09
Checking,2015-06-26,Caribou,2.09
Checking,2015-06-30,Caribou,2.09
Checking,2015-07-01,Dunn Brothers Coffee,4.19
Amex,2015-07-01,Starbucks,25.0
Checking,2015-07-02,Caribou,2.09
Amex,2015-07-05,Starbucks,25.0
Amex,2015-07-06,Starbucks,25.0
Checking,2015-07-09,Starbucks,2.71
Checking,2015-07-10,Dunn Brothers Coffee,6.85
Checking,2015-07-10,Starbucks,4.56
Checking,2015-07-13,Starbucks,13.15
Checking,2015-07-13,Starbucks,4.04
Checking,2015-07-14,Caribou,2.09
Amex,2015-07-15,Starbucks,25.0
Checking,2015-07-20,Starbucks,13.78
Checking,2015-07-20,Starbucks,10.0
Checking,2015-07-20,Tea Garden,4.62
Checking,2015-07-21,Caribou,2.09
Checking,2015-07-21,Starbucks,2.45
Checking,2015-07-22,Caribou,2.09
Checking,2015-07-22,Starbucks,10.0
Checking,2015-07-22,Starbucks,4.71
Checking,2015-07-23,Caribou,2.09
Checking,2015-07-24,Dunn Brothers Coffee,3.98
Checking,2015-07-24,Starbucks,6.54
Checking,2015-07-24,Starbucks,2.73
Amex,2015-07-27,Caribou,2.09
Checking,2015-07-27,Sip Coffee,1.89
Checking,2015-07-27,Starbucks,10.0
Checking,2015-07-27,Starbucks,5.8
Checking,2015-07-28,Starbucks,4.71
Checking,2015-07-28,Starbucks,2.77
Amex,2015-07-29,Starbucks,25.0
Amex,2015-07-29,Starbucks,2.77
Checking,2015-07-30,Caribou,2.09
Checking,2015-07-30,Starbucks,4.04
Checking,2015-07-31,Caribou,2.54
Checking,2015-08-03,Starbucks,4.58
Amex,2015-08-04,Starbucks,4.56
Checking,2015-08-05,Starbucks,10.37
Checking,2015-08-06,Starbucks,4.71
Checking,2015-08-06,Starbucks,2.77
Checking,2015-08-06,Starbucks,2.09
Checking,2015-08-07,Caribou,2.09
Amex,2015-08-10,Starbucks,4.71
Checking,2015-08-10,Starbucks,7.33
Checking,2015-08-10,Starbucks,6.53
Checking,2015-08-10,Starbucks,4.63
Amex,2015-08-11,Starbucks,4.71
Amex,2015-08-11,Starbucks,4.71
Amex,2015-08-12,Starbucks,17.35
Amex,2015-08-13,Starbucks,4.58
Checking,2015-08-14,Starbucks,4.71
Amex,2015-08-14,Tea Garden,5.72
Checking,2015-08-17,Caribou,2.09
Amex,2015-08-17,Starbucks,16.66
Checking,2015-08-17,Starbucks,12.66
Checking,2015-08-17,Starbucks,8.19
Checking,2015-08-17,Starbucks,7.98
Checking,2015-08-17,Starbucks,1.99
Checking,2015-08-18,Caribou,2.09
Checking,2015-08-18,Starbucks,16.38
Checking,2015-08-19,Starbucks,9.9
Checking,2015-08-20,Starbucks,12.44
Checking,2015-08-21,Starbucks,3.93
Checking,2015-08-21,Starbucks,2.05
Checking,2015-08-24,Starbucks,4.71
Checking,2015-08-24,Starbucks,4.71
Checking,2015-08-24,Starbucks,4.71
Checking,2015-08-25,Caribou,2.09
Amex,2015-08-25,Starbucks,9.55
Amex,2015-08-25,Starbucks,4.71
Checking,2015-08-26,Caribou,2.09
Discover,2015-08-27,Starbucks,4.04
Checking,2015-08-27,Starbucks,11.15
Checking,2015-08-27,Starbucks,6.25
Checking,2015-08-27,Starbucks,4.58
Checking,2015-08-28,Caribou,2.09
Checking,2015-08-29,Starbucks,6.57
Checking,2015-08-30,Bull Run Coffee,5.84
Checking,2015-08-31,Starbucks,6.87
Checking,2015-09-01,Starbucks,13.24
Checking,2015-09-01,Starbucks,4.71
Checking,2015-09-02,Starbucks,8.84
Checking,2015-09-02,Starbucks,4.71
Checking,2015-09-03,Caribou,2.09
Checking,2015-09-03,Dunn Brothers Coffee,4.96
Checking,2015-09-03,Starbucks,8.73
Checking,2015-09-05,Starbucks,4.56
Checking,2015-09-06,Starbucks,4.56
Checking,2015-09-08,Starbucks,11.37
Checking,2015-09-09,Starbucks,4.88
Checking,2015-09-09,Starbucks,4.71
Discover,2015-09-10,Caribou,4.53
Checking,2015-09-10,Caribou,2.09
Checking,2015-09-10,Starbucks,4.71
Checking,2015-09-10,Starbucks,4.71
Checking,2015-09-11,Caribou,2.09
Checking,2015-09-11,Starbucks,10.18
Checking,2015-09-14,Starbucks,7.87
Checking,2015-09-14,Starbucks,4.71
Checking,2015-09-15,Caribou,2.09
Checking,2015-09-15,Starbucks,7.62
Checking,2015-09-15,Starbucks,4.71
Checking,2015-09-15,Starbucks,4.58
Checking,2015-09-16,Caribou,2.09
Checking,2015-09-16,Starbucks,12.02
Discover,2015-09-17,Caribou,2.09
Checking,2015-09-17,Caribou,2.09
Discover,2015-09-17,Starbucks,4.71
Discover,2015-09-17,Starbucks,4.71
Checking,2015-09-17,Starbucks,4.71
Checking,2015-09-18,Starbucks,7.87
Discover,2015-09-20,Starbucks,12.45
Checking,2015-09-21,Starbucks,8.57
Checking,2015-09-21,Starbucks,7.19
Checking,2015-09-21,Starbucks,4.71
Checking,2015-09-21,Starbucks,4.58
Checking,2015-09-22,Caribou,4.74
Checking,2015-09-22,Starbucks,4.71
Checking,2015-09-22,Starbucks,4.71
Checking,2015-09-23,Caribou,5.19
Checking,2015-09-23,Starbucks,16.06
Checking,2015-09-24,Caribou,2.09
Checking,2015-09-25,Peace Coffee,2.22
Discover,2015-09-25,Starbucks,9.86
Discover,2015-09-25,Starbucks,1.75
Checking,2015-09-27,Starbucks,12.65
Checking,2015-09-27,Starbucks,9.28
Checking,2015-09-28,Starbucks,6.68
Discover,2015-09-29,Dunn Brothers Coffee,4.96
Checking,2015-09-29,Starbucks,4.04
Checking,2015-09-30,Starbucks,4.71
Checking,2015-10-01,Caribou,2.09
Discover,2015-10-01,Starbucks,6.76
Checking,2015-10-01,Starbucks,14.23
Checking,2015-10-02,Starbucks,4.04
Checking,2015-10-04,Starbucks,10.77
Discover,2015-10-07,Caribou,11.19
Discover,2015-10-07,Starbucks,10.94
Discover,2015-10-07,Starbucks,4.71
Discover,2015-10-07,Starbucks,4.04
Checking,2015-10-07,Tea Garden,4.34
Checking,2015-10-08,Starbucks,7.87
Amex,2015-10-09,Dunn Brothers Coffee,4.96
Checking,2015-10-09,Starbucks,3.93
Checking,2015-10-11,Starbucks,15.93
Amex,2015-10-13,Starbucks,25.0
Checking,2015-10-13,Starbucks,7.19
Checking,2015-10-15,Starbucks,4.71
Amex,2015-10-16,Caribou,19.64
Checking,2015-10-16,Caribou,4.74
Checking,2015-10-19,Caribou,2.09
Checking,2015-10-19,Starbucks,11.53
Checking,2015-10-19,Starbucks,7.22
Checking,2015-10-19,Starbucks,3.93
Amex,2015-10-20,Starbucks,6.97
Amex,2015-10-21,Starbucks,9.38
Amex,2015-10-21,Starbucks,6.97
Checking,2015-10-21,Starbucks,10.72
Amex,2015-10-22,Starbucks,6.97
Amex,2015-10-23,Starbucks,26.86
Discover,2015-10-24,Starbucks,5.35
Checking,2015-10-26,Starbucks,5.93
Discover,2015-10-27,Starbucks,4.58
Checking,2015-10-28,Caribou,2.43
Checking,2015-10-28,Starbucks,6.57
Checking,2015-10-28,Starbucks,4.56
Checking,2015-10-29,Caribou,4.74
Checking,2015-10-29,Starbucks,15.3
Checking,2015-10-29,Starbucks,12.77
Checking,2015-10-30,Starbucks,9.21
Checking,2015-10-31,Starbucks,7.87
Checking,2015-11-02,Starbucks,25.0
Checking,2015-11-02,Starbucks,10.67
Checking,2015-11-02,Starbucks,4.71
Checking,2015-11-02,Tea Garden,4.88
Checking,2015-11-03,Caribou,2.09
Checking,2015-11-03,Dunn Brothers Coffee,2.54
Checking,2015-11-03,Starbucks,4.71
Checking,2015-11-03,Starbucks,4.71
Blue,2015-11-04,Dunn Brothers Coffee,9.69
Checking,2015-11-05,Caribou,5.19
Checking,2015-11-05,Starbucks,12.34
Checking,2015-11-05,Starbucks,4.71
Checking,2015-11-06,Caribou,5.08
Checking,2015-11-06,Starbucks,9.86
Checking,2015-11-07,Starbucks,13.03
Checking,2015-11-09,Caribou,15.48
Checking,2015-11-09,Starbucks,5.93
Checking,2015-11-09,Starbucks,3.39
Checking,2015-11-10,Caribou,2.09
Amex,2015-11-10,Snack Machine,1.75
Checking,2015-11-10,Starbucks,4.71
Checking,2015-11-10,Starbucks,4.71
Checking,2015-11-11,Starbucks,8.05
Checking,2015-11-12,Caribou,41.99
Checking,2015-11-12,Starbucks,7.87
Checking,2015-11-13,Caribou,2.09
Checking,2015-11-13,Starbucks,4.04
Amex,2015-11-14,Starbucks,25.0
Checking,2015-11-16,Starbucks,8.51
Checking,2015-11-17,Caribou,6.98
Checking,2015-11-17,Caribou,5.08
Checking,2015-11-17,Starbucks,10.0
Checking,2015-11-18,Caribou,2.09
Checking,2015-11-19,Caribou,2.09
Amex,2015-11-19,Starbucks,25.0
Checking,2015-11-20,Caribou,5.19
Checking,2015-11-20,Caribou,2.09
Discover,2015-11-21,Moose And Sadies,3.04
Checking,2015-11-21,Starbucks,5.28
Checking,2015-11-23,Starbucks,6.47
Checking,2015-11-23,Starbucks,4.18
Checking,2015-11-24,Caribou,2.09
Amex,2015-11-24,Starbucks,25.0
Checking,2015-11-25,Caribou,5.19
Checking,2015-11-27,Starbucks,12.16
Checking,2015-11-30,Starbucks,20.0
Checking,2015-12-01,Caribou,2.09
Discover,2015-12-01,Snack Machine,1.9
Checking,2015-12-01,Starbucks,4.71
Checking,2015-12-02,Starbucks,6.76
Checking,2015-12-04,Caribou,7.85
Checking,2015-12-04,Caribou,3.42
Checking,2015-12-04,Dunn Brothers Coffee,2.2
Checking,2015-12-06,Sencha Tea Garden,9.67
Checking,2015-12-06,Starbucks,11.18
Checking,2015-12-07,Starbucks,4.71
Checking,2015-12-08,Caribou,2.43
Amex,2015-12-09,Starbucks,25.0
Amex,2015-12-10,Starbucks,10.0
Discover,2015-12-11,Caribou,5.08
Checking,2015-12-12,Starbucks,5.13
Checking,2015-12-14,Caribou,2.43
Amex,2015-12-14,Starbucks,25.0
Discover,2015-12-16,Moose And Sadies,4.37
Amex,2015-12-17,Starbucks,25.0
Checking,2015-12-17,Starbucks,10.0
Amex,2015-12-19,Starbucks,25.0
Checking,2015-12-22,Caribou,2.43
Checking,2015-12-23,Starbucks,4.71
Amex,2015-12-24,Starbucks,25.0
Checking,2015-12-28,Starbucks,3.93
Travel,2015-12-30,Starbucks,3.72
Checking,2015-12-31,Starbucks,10.0
Checking,2016-01-04,Starbucks,7.72
Checking,2016-01-05,Starbucks,4.71
Amex,2016-01-06,Starbucks,25.0
Checking,2016-01-08,Starbucks,10.0
Checking,2016-01-08,Starbucks,4.83
Checking,2016-01-08,Starbucks,3.69
Checking,2016-01-11,Starbucks,10.72
Checking,2016-01-11,Starbucks,10.0
Checking,2016-01-11,Starbucks,7.98
Checking,2016-01-11,Starbucks,7.82
Checking,2016-01-11,Starbucks,3.26
Checking,2016-01-13,Starbucks,20.0
Checking,2016-01-15,Starbucks,7.42
Checking,2016-01-19,Dunn Brothers Coffee,2.67
Amex,2016-01-19,Starbucks,25.0
Checking,2016-01-19,Starbucks,7.84
Checking,2016-01-20,Caribou,4.3
Checking,2016-01-21,Caribou,7.07
Checking,2016-01-21,Starbucks,13.05
Checking,2016-01-21,Starbucks,4.04
Checking,2016-01-22,Caribou,2.09
Checking,2016-01-22,Starbucks,4.71
Amex,2016-01-23,Starbucks,25.0
Checking,2016-01-25,Bull Run Coffee,7.81
Checking,2016-01-25,Caribou,4.82
Checking,2016-01-25,Caribou,2.09
Checking,2016-01-25,Starbucks,9.48
Checking,2016-01-25,Starbucks,4.58
Checking,2016-01-26,Starbucks,10.0
Checking,2016-01-27,Starbucks,3.31
Checking,2016-01-28,Starbucks,10.0
Checking,2016-01-29,Caribou,5.08
Checking,2016-01-29,Caribou,2.09
Amex,2016-01-30,Starbucks,25.0
Checking,2016-02-01,Starbucks,7.22
Checking,2016-02-02,Caribou,2.09
Checking,2016-02-03,Caribou,2.43
Amex,2016-02-03,Starbucks,25.0
Checking,2016-02-03,Starbucks,4.04
Checking,2016-02-03,Starbucks,3.92
Checking,2016-02-04,Caribou,5.08
Checking,2016-02-05,Caribou,2.43
Amex,2016-02-06,Starbucks,25.0
Checking,2016-02-08,Starbucks,2.05
Checking,2016-02-09,Dunn Brothers Coffee,4.96
Checking,2016-02-10,Starbucks,20.0
Checking,2016-02-10,Starbucks,4.71
Checking,2016-02-11,Caribou,2.09
Checking,2016-02-11,Starbucks,4.71
Checking,2016-02-12,Starbucks,10.0
Checking,2016-02-16,Tea Garden,4.62
Checking,2016-02-16,Starbucks,10.0
Checking,2016-02-17,Caribou,2.09
Amex,2016-02-17,Starbucks,25.0
Amex,2016-02-20,Starbucks,25.0
Checking,2016-02-22,Starbucks,4.71
Amex,2016-02-23,Starbucks,25.0
Checking,2016-02-23,Starbucks,8.37
Checking,2016-02-23,Starbucks,4.58
Checking,2016-02-24,Caribou,2.09
Checking,2016-02-25,Caribou,2.09
Amex,2016-02-29,Starbucks,25.0
Checking,2016-03-02,Dunn Brothers Coffee,2.54
Amex,2016-03-04,Starbucks,20.0
Checking,2016-03-07,Coffee Mill Cafe,8.44
Checking,2016-03-08,Caribou,2.43
Amex,2016-03-08,Starbucks,25.0
Checking,2016-03-10,Caribou,2.43
Amex,2016-03-12,Starbucks,25.0
Checking,2016-03-14,Caribou,3.19
Checking,2016-03-14,Caribou,2.09
Checking,2016-03-15,Starbucks,10.0
Checking,2016-03-16,Caribou,2.09
Checking,2016-03-16,Starbucks,10.0
Checking,2016-03-17,Starbucks,3.92
Checking,2016-03-18,Common Root Coffee,5.04
Checking,2016-03-18,Common Root Coffee,5.04
Amex,2016-03-20,Starbucks,25.0
Checking,2016-03-21,Caribou,11.65
Checking,2016-03-21,Caribou,7.7
Checking,2016-03-21,Starbucks,3.26
Checking,2016-03-22,Caribou,2.09
Amex,2016-03-22,Starbucks,25.0
Checking,2016-03-22,Starbucks,6.36
Amex,2016-03-25,Starbucks,25.0
Checking,2016-03-25,Starbucks,1.2
Amex,2016-03-26,Starbucks,25.0
Amex,2016-03-29,Starbucks,25.0
Amex,2016-03-31,Starbucks,25.0
Checking,2016-04-04,Starbucks,7.87
Amex,2016-04-06,Starbucks,25.0
Amex,2016-04-09,Starbucks,25.0
Amex,2016-04-13,Starbucks,25.0
Checking,2016-04-14,Starbucks,6.96
Amex,2016-04-15,Starbucks,25.0
Amex,2016-04-18,Starbucks,25.0
Checking,2016-04-18,Starbucks,9.66
Checking,2016-04-18,Turtle Bread,3.99
Checking,2016-04-19,Dunn Brothers Coffee,5.99
Checking,2016-04-19,Starbucks,6.71
Amex,2016-04-20,Starbucks,25.0
Checking,2016-04-25,Starbucks,14.48
Checking,2016-04-25,Starbucks,7.54
Checking,2016-04-26,Starbucks,14.43
Amex,2016-04-28,Starbucks,25.0
Amex,2016-05-03,Starbucks,25.0
Amex,2016-05-06,Starbucks,25.0
Checking,2016-05-09,Starbucks,25.0
Checking,2016-05-09,Starbucks,4.94
Checking,2016-05-09,Starbucks,1.0
Amex,2016-05-10,Starbucks,25.0
Amex,2016-05-12,Starbucks,25.0
Amex,2016-05-13,Starbucks,25.0
Amex,2016-05-18,Starbucks,25.0
Amex,2016-05-20,Starbucks,25.0
Checking,2016-05-25,The Ghostly Store,43.75
Amex,2016-05-28,Starbucks,25.0
Checking,2016-06-03,Starbucks,11.88
Amex,2016-06-04,Starbucks,25.0
Checking,2016-06-07,Dunn Brothers Coffee,2.14
Amex,2016-06-09,Starbucks,25.0
Checking,2016-06-10,Caribou,2.47
Checking,2016-06-13,Sencha Tea Garden,15.41
Amex,2016-06-14,Starbucks,25.0
Checking,2016-06-16,Dunn Brothers Coffee,5.34
Checking,2016-06-16,Starbucks,6.9
Checking,2016-06-17,Starbucks,20.0
Checking,2016-06-20,Caribou,7.16
Checking,2016-06-20,Starbucks,18.65
Checking,2016-06-23,Dunn Brothers Coffee,5.29
Checking,2016-06-23,Starbucks,7.87
Checking,2016-06-24,Sencha Tea Garden,16.0
Checking,2016-06-24,Starbucks,3.23
Amex,2016-06-27,Starbucks,25.0
Checking,2016-06-27,Starbucks,10.49
Amex,2016-06-29,Starbucks,4.56
Checking,2016-06-29,Starbucks,1.68
Checking,2016-07-01,Starbucks,6.57
Checking,2016-07-01,Starbucks,3.92
Amex,2016-07-02,Starbucks,25.0
Checking,2016-07-05,Starbucks,5.02
Checking,2016-07-05,Starbucks,3.23
Visa,2016-07-06,Starbucks,6.21
Checking,2016-07-06,Starbucks,6.57
Amex,2016-07-08,Starbucks,7.87
Amex,2016-07-09,Starbucks,25.0
Checking,2016-07-10,Turtle Bread,5.77
Checking,2016-07-11,Starbucks,2.09
Amex,2016-07-12,Starbucks,25.0
Checking,2016-07-12,Starbucks,6.9
Visa,2016-07-13,Starbucks,25.0
Amex,2016-07-14,Caribou,5.3
Amex,2016-07-14,Dunn Brothers Coffee,4.96
Amex,2016-07-14,Starbucks,4.93
Checking,2016-07-14,Starbucks,4.77
Amex,2016-07-16,Starbucks,25.0
Amex,2016-07-17,Starbucks,25.0
Checking,2016-07-18,Sencha Tea Garden,10.66
Visa,2016-07-18,Starbucks,10.0
Checking,2016-07-18,Starbucks,12.69
Checking,2016-07-20,Starbucks,7.4
Checking,2016-07-22,Tea Garden,16.0
Amex,2016-07-24,Starbucks,25.0
Checking,2016-07-26,Starbucks,10.0
Checking,2016-07-29,Starbucks,2.1
Checking,2016-08-01,Caribou,1.92
Checking,2016-08-01,Sencha Tea Garden,10.57
Checking,2016-08-01,Starbucks,2.1
Checking,2016-08-02,Starbucks,10.0
Checking,2016-08-03,Starbucks,4.04
Amex,2016-08-05,Starbucks,25.0
Checking,2016-08-06,Starbucks,10.0
Checking,2016-08-08,Starbucks,10.0
Checking,2016-08-08,Starbucks,2.42
Checking,2016-08-09,Starbucks,15.3
Checking,2016-08-10,Starbucks,6.14
Checking,2016-08-11,Sencha Tea Garden,11.56
Checking,2016-08-11,Sencha Tea Garden,5.57
Checking,2016-08-11,Starbucks,6.14
Amex,2016-08-12,Starbucks,25.0
Amex,2016-08-14,Starbucks,25.0
Amex,2016-08-14,Starbucks,10.0
Checking,2016-08-16,Starbucks,4.77
Amex,2016-08-17,Starbucks,4.77
Checking,2016-08-17,Starbucks,6.11
Amex,2016-08-19,Starbucks,25.0
Amex,2016-08-21,Starbucks,25.0
Checking,2016-08-23,Starbucks,6.14
Amex,2016-08-24,Starbucks,25.0
Checking,2016-08-25,Caribou,13.91
Checking,2016-08-26,Caribou,4.86
Checking,2016-08-26,Dunn Brothers Coffee,2.64
Amex,2016-08-26,Starbucks,25.0
Checking,2016-08-29,Dunn Brothers Coffee,2.56
Amex,2016-08-29,Starbucks,25.0
Checking,2016-08-29,Tea Garden,16.0
Amex,2016-09-01,Starbucks,25.0
Checking,2016-09-03,Moose And Sadies,12.17
Amex,2016-09-08,Starbucks,25.0
Checking,2016-09-12,Caribou,2.35
Amex,2016-09-13,Starbucks,25.0
Checking,2016-09-15,Starbucks,25.0
Checking,2016-09-16,Starbucks,4.91
Checking,2016-09-18,Starbucks,8.08
Checking,2016-09-18,Starbucks,5.74
Checking,2016-09-18,Starbucks,4.18
Checking,2016-09-18,Starbucks,2.75
Checking,2016-09-20,Starbucks,25.0
Checking,2016-09-25,Starbucks,4.04
Checking,2016-09-26,Starbucks,10.67
Checking,2016-09-27,Starbucks,25.0
Checking,2016-09-29,Starbucks,4.04
Checking,2016-10-03,Starbucks,4.02
Checking,2016-10-04,Starbucks,25.0
Checking,2016-10-06,Starbucks,25.0
Checking,2016-10-07,Angry Catfish Coffee,10.0
Checking,2016-10-07,Caribou,2.54
Checking,2016-10-07,Dunn Brothers Coffee,2.31
Checking,2016-10-07,Starbucks,4.15
Checking,2016-10-11,Starbucks,25.0
Checking,2016-10-11,Starbucks,25.0
Checking,2016-10-11,Starbucks,9.15
Checking,2016-10-11,Starbucks,8.05
Checking,2016-10-11,Starbucks,7.58
Checking,2016-10-11,Starbucks,2.1
Checking,2016-10-14,Starbucks,25.0
Checking,2016-10-17,Starbucks,25.0
Visa,2016-10-17,Turtle Bread,8.76
Checking,2016-10-19,Starbucks,25.0
Amex,2016-10-20,Starbucks,4.04
Checking,2016-10-21,Starbucks,10.0
Amex,2016-10-22,Starbucks,10.0
Checking,2016-10-24,Starbucks,10.0
Amex,2016-10-26,Starbucks,10.0
Amex,2016-10-27,Starbucks,10.0
Amex,2016-10-27,Starbucks,4.8
Checking,2016-10-28,Starbucks,25.0
Checking,2016-10-29,Moose And Sadies,6.09
Checking,2016-10-29,Moose And Sadies,5.79
Amex,2016-10-29,Starbucks,10.0
Checking,2016-10-29,Starbucks,3.18
Checking,2016-10-30,Starbucks,2.1
Amex,2016-11-01,Starbucks,15.0
Checking,2016-11-02,Starbucks,25.0
Checking,2016-11-04,Starbucks,10.0
Checking,2016-11-05,Starbucks,10.0
Checking,2016-11-07,Starbucks,10.0
Checking,2016-11-07,Starbucks,4.8
Amex,2016-11-08,Starbucks,10.0
Checking,2016-11-09,Starbucks,25.0
Checking,2016-11-09,Starbucks,13.8
Checking,2016-11-10,Sencha Tea Garden,12.65
Checking,2016-11-14,Starbucks,25.0
Checking,2016-11-14,Starbucks,4.45
Checking,2016-11-15,Starbucks,25.0
Checking,2016-11-17,Starbucks,15.0
Checking,2016-11-18,Starbucks,10.0
Checking,2016-11-21,Starbucks,25.0
Checking,2016-11-21,Starbucks,10.0
Checking,2016-11-21,Starbucks,10.0
Checking,2016-11-22,Starbucks,25.0
Checking,2016-11-22,Starbucks,4.36
Checking,2016-11-25,Starbucks,10.0
Checking,2016-11-27,Starbucks,4.44
Checking,2016-11-28,Caribou,10.43
Checking,2016-11-28,Starbucks,10.0
Checking,2016-11-28,Starbucks,10.0
Checking,2016-11-29,Starbucks,10.0
Checking,2016-11-30,Starbucks,10.0
Checking,2016-12-01,Starbucks,25.0
Checking,2016-12-01,Starbucks,15.0
Checking,2016-12-05,Starbucks,25.0
Checking,2016-12-05,Starbucks,8.19
Checking,2016-12-06,Starbucks,10.0
Checking,2016-12-07,Starbucks,10.0
Checking,2016-12-08,Starbucks,10.0
Checking,2016-12-12,Starbucks,25.0
Checking,2016-12-12,Starbucks,10.0
Checking,2016-12-12,Starbucks,4.04
Checking,2016-12-13,Starbucks,15.0
Checking,2016-12-14,Starbucks,25.0
Checking,2016-12-15,Starbucks,10.0
Discover,2016-12-16,Starbucks,1.14
Checking,2016-12-19,Starbucks,25.0
Checking,2016-12-19,Starbucks,25.0
Checking,2016-12-20,Caribou,1.92
Checking,2016-12-20,Starbucks,25.0
Checking,2016-12-20,Starbucks,10.0
Checking,2016-12-27,Starbucks,10.0
Checking,2016-12-27,Starbucks,9.33
Checking,2016-12-28,Starbucks,25.0
Checking,2016-12-28,Starbucks,10.0
Checking,2016-12-30,Starbucks,25.0
Checking,2017-01-06,Cafe Milo,10.09
Checking,2017-01-06,Starbucks,5.78
Checking,2017-01-09,Cafe Milo,2.88
Checking,2017-01-10,Starbucks,10.0
Checking,2017-01-11,Starbucks,10.0
Checking,2017-01-13,Starbucks,10.0
Checking,2017-01-14,Dunn Brothers Coffee,16.9
Checking,2017-01-17,Starbucks,25.0
Checking,2017-01-17,Starbucks,10.0
Checking,2017-01-20,Caribou,2.54
Checking,2017-01-20,Starbucks,25.0
Checking,2017-01-20,Starbucks,20.0
Checking,2017-01-25,Starbucks,10.0
Checking,2017-01-26,Starbucks,25.0
Checking,2017-01-28,Starbucks,10.0
Amex,2017-01-29,Sencha Tea Garden,10.42
Checking,2017-01-30,Starbucks,20.0
Checking,2017-01-30,Starbucks,20.0
Checking,2017-01-30,Starbucks,10.0
Visa,2017-02-01,Starbucks,25.0
Visa,2017-02-01,Starbucks,10.0
Visa,2017-02-03,Starbucks,10.0
Visa,2017-02-03,Starbucks,10.0
Checking,2017-02-03,Starbucks,4.77
Checking,2017-02-03,Starbucks,4.02
Visa,2017-02-04,Starbucks,25.0
Checking,2017-02-06,Caribou,2.56
Visa,2017-02-07,Starbucks,25.0
Visa,2017-02-09,Starbucks,10.0
Checking,2017-02-10,Starbucks,10.0
Visa,2017-02-13,Starbucks,25.0
Checking,2017-02-13,Starbucks,10.0
Checking,2017-02-14,Brads Coffeehouse,21.1
Checking,2017-02-15,Not Just Coffee,8.31
Visa,2017-02-15,Starbucks,25.0
Checking,2017-02-15,Starbucks,2.87
Visa,2017-02-17,Starbucks,25.0
Visa,2017-02-18,Starbucks,25.0
Visa,2017-02-18,Starbucks,25.0
Checking,2017-02-19,Starbucks,10.0
Visa,2017-02-20,Starbucks,25.0
Checking,2017-02-21,Starbucks,10.0
Checking,2017-02-24,Starbucks,10.0
Checking,2017-02-24,Starbucks,10.0
Checking,2017-02-27,Sencha Tea Garden,16.12
Checking,2017-02-27,Starbucks,25.0
Checking,2017-02-27,Starbucks,10.0
Checking,2017-02-27,Starbucks,10.0
Checking,2017-03-01,Starbucks,20.0
Checking,2017-03-02,Starbucks,15.0
Checking,2017-03-03,Starbucks,15.0
Checking,2017-03-06,Starbucks,25.0
Checking,2017-03-06,Starbucks,25.0
Checking,2017-03-06,Starbucks,10.0
Checking,2017-03-06,Starbucks,10.0
Checking,2017-03-07,Starbucks,25.0
Checking,2017-03-10,Starbucks,20.0
Checking,2017-03-11,Starbucks,10.0
Checking,2017-03-13,Starbucks,10.0
Checking,2017-03-13,Starbucks,9.59
Checking,2017-03-14,Starbucks,10.0
Checking,2017-03-15,Starbucks,10.0
Checking,2017-03-16,Starbucks,10.0
Checking,2017-03-17,Starbucks,10.0
Checking,2017-03-17,Starbucks,10.0
Checking,2017-03-20,Starbucks,25.0
Checking,2017-03-20,Starbucks,10.0
Checking,2017-03-23,Starbucks,25.0
Checking,2017-03-23,Starbucks,15.0
Checking,2017-03-24,Starbucks,25.0
Checking,2017-03-27,Starbucks,10.0
Checking,2017-03-28,Starbucks,25.0
Checking,2017-03-28,Starbucks,15.0
Checking,2017-03-30,Starbucks,10.0
Checking,2017-03-31,Starbucks,15.0
Checking,2017-04-03,Sencha Tea Garden,10.57
Checking,2017-04-03,Starbucks,15.0
Checking,2017-04-04,Starbucks,15.0
Checking,2017-04-05,Caribou,4.38
Checking,2017-04-05,Starbucks,10.0
Checking,2017-04-06,Starbucks,25.0
Checking,2017-04-11,Starbucks,10.0
Checking,2017-04-12,Starbucks,20.0
Checking,2017-04-12,Starbucks,10.0
Checking,2017-04-14,Starbucks,10.0
Checking,2017-04-17,Starbucks,15.0
Checking,2017-04-17,Starbucks,10.0
Checking,2017-04-17,Starbucks,10.0
Checking,2017-04-17,Starbucks,10.0
Checking,2017-04-18,Starbucks,10.0
Checking,2017-04-19,Starbucks,10.0
Checking,2017-04-20,Starbucks,25.0
Checking,2017-04-20,Starbucks,15.0
Checking,2017-04-24,Starbucks,25.0
Checking,2017-04-24,Starbucks,10.0
Checking,2017-04-26,Starbucks,10.0
Checking,2017-04-26,Starbucks,10.0
Checking,2017-04-27,Starbucks,15.0
Checking,2017-04-28,Starbucks,10.0
Checking,2017-04-28,Starbucks,10.0
Amex,2017-04-30,Starbucks,10.0
Checking,2017-05-01,Starbucks,10.0
Checking,2017-05-02,Starbucks,10.0
Checking,2017-05-02,Starbucks,10.0
Checking,2017-05-03,Sencha Tea Garden,12.32
Checking,2017-05-04,Starbucks,15.0
Checking,2017-05-05,Starbucks,25.0
Checking,2017-05-08,Starbucks,25.0
Checking,2017-05-09,Caribou,5.35
Checking,2017-05-09,Starbucks,25.0
Checking,2017-05-10,Starbucks,10.0
Checking,2017-05-11,Starbucks,15.0
Checking,2017-05-12,Starbucks,10.0
Checking,2017-05-12,Starbucks,10.0
Checking,2017-05-15,Starbucks,25.0
Checking,2017-05-15,Starbucks,25.0
Checking,2017-05-15,Starbucks,8.59
Checking,2017-05-17,Starbucks,10.0
Checking,2017-05-18,Starbucks,10.0
Checking,2017-05-19,Starbucks,25.0
Checking,2017-05-19,Starbucks,10.0
Amex,2017-05-20,Starbucks,10.0
Amex,2017-05-21,Starbucks,10.0
Amex,2017-05-22,Starbucks,25.0
Amex,2017-05-24,Starbucks,10.0
Amex,2017-05-26,Starbucks,10.0
Amex,2017-05-26,Starbucks,10.0
Amex,2017-05-29,Starbucks,10.0
Amex,2017-05-30,Starbucks,25.0
Amex,2017-06-01,Starbucks,25.0
Checking,2017-06-05,Starbucks,15.0
Checking,2017-06-05,Starbucks,10.0
Checking,2017-06-06,Starbucks,10.0
Checking,2017-06-07,Starbucks,10.0
Checking,2017-06-09,Starbucks,42.67
Checking,2017-06-12,Starbucks,12.83
Checking,2017-06-12,Starbucks,7.2
Checking,2017-06-12,Starbucks,4.38
Checking,2017-06-12,Starbucks,1.64
Checking,2017-06-13,Starbucks,5.54
Checking,2017-06-14,Starbucks,8.56
Checking,2017-06-19,Starbucks,15.0
Checking,2017-06-19,Starbucks,10.0
Checking,2017-06-19,Starbucks,10.0
Checking,2017-06-20,Starbucks,15.0
Checking,2017-06-20,Starbucks,10.0
Checking,2017-06-23,Starbucks,25.0
Checking,2017-06-23,Starbucks,10.0
Checking,2017-06-23,Starbucks,10.0
Checking,2017-06-24,Starbucks,10.0
Checking,2017-06-25,Starbucks,25.0
Checking,2017-06-26,Starbucks,10.0
Checking,2017-06-26,Starbucks,10.0
Checking,2017-06-28,Starbucks,25.0
Checking,2017-06-28,Starbucks,10.0
Checking,2017-06-30,Starbucks,10.0
Checking,2017-07-01,Starbucks,10.0
Checking,2017-07-03,Sencha Tea Garden,6.25
Checking,2017-07-03,Starbucks,10.0
Checking,2017-07-05,Starbucks,25.0
Checking,2017-07-06,Starbucks,10.0
Checking,2017-07-06,Starbucks,10.0
Checking,2017-07-07,Starbucks,10.0
Checking,2017-07-09,Starbucks,10.0
Checking,2017-07-10,Starbucks,25.0
Checking,2017-07-11,Caribou,2.2
Checking,2017-07-11,Starbucks,10.0
Checking,2017-07-12,Starbucks,10.0
Checking,2017-07-13,Starbucks,10.0
Amex,2017-07-14,Starbucks,20.0
Checking,2017-07-14,Starbucks,10.0
Checking,2017-07-17,Starbucks,25.0
Checking,2017-07-17,Starbucks,10.0
Checking,2017-07-17,Starbucks,10.0
Checking,2017-07-18,Starbucks,25.0
Checking,2017-07-20,Starbucks,10.0
Checking,2017-07-21,Starbucks,15.0
Checking,2017-07-21,Starbucks,10.0
Checking,2017-07-24,Starbucks,10.0
Checking,2017-07-25,Caribou,2.2
Checking,2017-07-25,Starbucks,10.0
Checking,2017-07-26,Starbucks,25.0
Checking,2017-07-28,Starbucks,10.0
Checking,2017-07-28,Starbucks,10.0
Checking,2017-07-29,Starbucks,25.0
Checking,2017-08-04,Starbucks,25.0
Checking,2017-08-09,Spyhouse Coffee,10.25
Visa,2017-08-14,Starbucks,25.0
Visa,2017-08-17,Starbucks,10.0
Checking,2017-08-19,Starbucks,4.04
Amex,2017-08-20,Starbucks,8.46
Visa,2017-08-21,Starbucks,25.0
Visa,2017-08-21,Starbucks,10.0
Checking,2017-08-21,Starbucks,5.78
Amex,2017-08-22,Starbucks,9.97
Amex,2017-08-23,Starbucks,6.47
Amex,2017-08-24,Starbucks,8.74
Checking,2017-08-24,Starbucks,16.71
Checking,2017-08-25,Starbucks,2.42
Checking,2017-08-26,Minnesota Farmers Union,6.5
Checking,2017-08-28,Starbucks,6.47
Amex,2017-08-29,Starbucks,4.77
Checking,2017-08-29,Starbucks,15.3
Checking,2017-08-30,Starbucks,10.87
Checking,2017-08-31,Starbucks,5.76
Checking,2017-09-01,Starbucks,10.18
Checking,2017-09-01,Starbucks,6.9
Checking,2017-09-01,Starbucks,4.04
Checking,2017-09-02,Starbucks,2.42
Checking,2017-09-03,Starbucks,8.08
Checking,2017-09-03,Starbucks,4.09
Amex,2017-09-06,Starbucks,6.14
Checking,2017-09-07,Starbucks,6.14
Checking,2017-09-07,Starbucks,4.77
Checking,2017-09-08,Starbucks,13.9
Checking,2017-09-10,Starbucks,3.69
Checking,2017-09-11,Starbucks,7.54
Checking,2017-09-11,Starbucks,6.47
Checking,2017-09-11,Starbucks,4.04
Checking,2017-09-11,Starbucks,2.41
Checking,2017-09-12,Starbucks,6.74
Checking,2017-09-12,Starbucks,6.47
Checking,2017-09-13,Starbucks,12.61
Checking,2017-09-14,Starbucks,2.42
Checking,2017-09-18,Starbucks,10.08
Checking,2017-09-18,Starbucks,6.14
Checking,2017-09-18,Starbucks,2.42
Checking,2017-09-19,Starbucks,6.14
Checking,2017-09-19,Starbucks,4.02
Checking,2017-09-20,Caribou,4.86
Checking,2017-09-20,Starbucks,9.65
Checking,2017-09-20,Starbucks,6.14
Checking,2017-09-21,Starbucks,6.14
Checking,2017-09-25,Starbucks,10.83
Checking,2017-09-25,Starbucks,7.54
Checking,2017-09-26,Starbucks,10.51
Checking,2017-09-27,Starbucks,6.14
Checking,2017-09-28,Starbucks,10.18
Checking,2017-09-28,Starbucks,6.14
Checking,2017-10-02,Starbucks,13.94
Checking,2017-10-02,Starbucks,10.51
Checking,2017-10-02,Starbucks,10.18
Checking,2017-10-02,Starbucks,6.91
Checking,2017-10-03,Starbucks,6.16
Amex,2017-10-05,Starbucks,6.16
Checking,2017-10-06,Starbucks,10.21
Checking,2017-10-07,Starbucks,9.47
Checking,2017-10-10,Starbucks,20.0
Checking,2017-10-10,Starbucks,10.21
Checking,2017-10-10,Starbucks,6.16
Checking,2017-10-10,Starbucks,6.14
Checking,2017-10-10,Starbucks,4.81
Checking,2017-10-10,Starbucks,4.78
Checking,2017-10-10,Starbucks,4.78
Checking,2017-10-11,Starbucks,15.0
Checking,2017-10-11,Starbucks,11.29
Checking,2017-10-12,Starbucks,6.16
Checking,2017-10-13,Starbucks,3.94
Checking,2017-10-15,Starbucks,4.42
Checking,2017-10-16,Starbucks,15.0
Checking,2017-10-16,Starbucks,15.0
Checking,2017-10-16,Starbucks,15.0
Checking,2017-10-16,Starbucks,10.0
Checking,2017-10-16,Starbucks,6.13
Checking,2017-10-16,Starbucks,4.81
Checking,2017-10-17,Starbucks,10.0
Checking,2017-10-18,Starbucks,10.0
Checking,2017-10-18,Starbucks,25.0
Checking,2017-10-23,Starbucks,10.0
Checking,2017-10-23,Starbucks,25.0
Checking,2017-10-24,Caribou,4.87
Checking,2017-10-24,Starbucks,10.0
Checking,2017-10-24,Starbucks,10.0
Checking,2017-10-26,Starbucks,25.0
Checking,2017-10-26,Starbucks,15.0
Checking,2017-10-29,Starbucks,25.0
Checking,2017-10-30,Studio 2 Café,5.58
Checking,2017-11-03,Studio 2 Café,5.39
Checking,2017-11-03,Starbucks,10.0
Checking,2017-11-05,Starbucks,4.1
Checking,2017-11-06,Starbucks,10.0
Checking,2017-11-07,Starbucks,10.0
Checking,2017-11-09,Starbucks,25.0
Checking,2017-11-09,Starbucks,25.0
Checking,2017-11-09,Starbucks,25.0
Checking,2017-11-09,Starbucks,5.94
Checking,2017-11-13,Studio 2 Café,6.74
Checking,2017-11-18,Dunn Brothers Coffee,6.64
Checking,2017-11-20,Starbucks,7.82
Checking,2017-11-21,Starbucks,10.0
Checking,2017-11-22,Starbucks,10.0
Checking,2017-11-24,Starbucks,10.0
Checking,2017-11-27,Caribou,8.26
Checking,2017-11-27,Starbucks,25.0
Checking,2017-11-27,Starbucks,9.68
Checking,2017-11-27,Starbucks,4.25
Checking,2017-11-29,Starbucks,10.0
Checking,2017-11-30,Starbucks,10.0
Checking,2017-11-30,Starbucks,10.0
Checking,2017-12-01,Starbucks,10.0
Checking,2017-12-04,Starbucks,10.0
Checking,2017-12-05,Starbucks,25.0
Checking,2017-12-08,Caribou,4.29
Checking,2017-12-08,Starbucks,25.0
Checking,2017-12-12,Starbucks,10.0
Checking,2017-12-13,Starbucks,25.0
Checking,2017-12-13,Starbucks,10.0
Checking,2017-12-18,Starbucks,25.0
Checking,2017-12-18,Starbucks,10.0
Checking,2017-12-20,Starbucks,10.0
Checking,2017-12-21,Starbucks,10.0
Checking,2017-12-22,Starbucks,25.0
Checking,2017-12-22,Starbucks,10.0
Checking,2017-12-26,Starbucks,25.0
Checking,2017-12-26,Starbucks,4.59
Checking,2017-12-28,Starbucks,1.5
Checking,2018-01-03,Dunn Brothers Coffee,5.42
Checking,2018-01-03,Starbucks,25.0
Checking,2018-01-03,Starbucks,10.0
Checking,2018-01-04,Caribou,2.54
Checking,2018-01-05,Caribou,2.54
Visa,2018-01-06,Starbucks,9.04
Checking,2018-01-08,Starbucks,7.33
Checking,2018-01-08,Starbucks,6.33
Checking,2018-01-09,Dunn Brothers Coffee,5.56
Visa,2018-01-10,Caribou,2.54
Visa,2018-01-10,Starbucks,4.16
Checking,2018-01-11,Starbucks,10.0
Checking,2018-01-12,Caribou,2.21
Checking,2018-01-12,Starbucks,4.05
Checking,2018-01-14,Starbucks,4.03
Checking,2018-01-16,Starbucks,5.83
Checking,2018-01-16,Starbucks,4.25
Checking,2018-01-16,Starbucks,4.03
Checking,2018-01-16,Starbucks,9.82
Checking,2018-01-17,Starbucks,6.33
Checking,2018-01-18,Caribou,2.32
Checking,2018-01-18,Starbucks,9.56
Checking,2018-01-19,Starbucks,6.66
Checking,2018-01-23,Starbucks,4.05
Checking,2018-01-26,Dunn Brothers Coffee,5.32
Checking,2018-01-26,Starbucks,7.17
Checking,2018-01-27,Starbucks,4.02
Checking,2018-01-29,Starbucks,8.21
Checking,2018-01-29,Starbucks,4.94
Checking,2018-01-29,Starbucks,8.62
Checking,2018-01-31,Starbucks,11.18
Checking,2018-02-05,Caribou,2.32
Checking,2018-02-05,Starbucks,7.45
Checking,2018-02-06,Starbucks,4.16
Checking,2018-02-09,Caribou,2.32
Checking,2018-02-09,Starbucks,4.05
Checking,2018-02-09,Starbucks,2.63
Checking,2018-02-12,Starbucks,7.99
Checking,2018-02-13,Starbucks,4.81
Checking,2018-02-14,Starbucks,4.94
Checking,2018-02-15,Starbucks,4.94
Checking,2018-02-16,Caribou,7.42
Checking,2018-02-16,Starbucks,7.02
Checking,2018-02-20,Starbucks,7.99
Checking,2018-02-23,Coffee Cup,49.48
Checking,2018-02-23,Dunn Brothers Coffee,2.32
Checking,2018-02-23,Starbucks,5.83
Checking,2018-02-26,Caribou,8.4
Checking,2018-02-26,Caribou,4.61
Checking,2018-02-26,Starbucks,9.98
Checking,2018-02-26,Starbucks,7.78
Checking,2018-02-27,Starbucks,5.83
Checking,2018-02-28,Starbucks,7.22
Checking,2018-02-28,Starbucks,4.16
Checking,2018-03-01,Starbucks,4.16
Checking,2018-03-02,Starbucks,25.0
Checking,2018-03-02,Starbucks,7.99
Checking,2018-03-05,Caribou,2.14
Checking,2018-03-08,Dunn Brothers Coffee,5.67
Checking,2018-03-08,Starbucks,10.0
Checking,2018-03-12,Starbucks,25.0
Checking,2018-03-15,Starbucks,10.0
Visa,2018-03-19,Starbucks,25.0
Checking,2018-03-23,Starbucks,4.03
Visa,2018-03-26,Starbucks,10.0
Visa,2018-03-26,Starbucks,10.0
Checking,2018-03-26,Starbucks,10.0
Checking,2018-04-02,Caribou,4.26
Checking,2018-04-02,Studio 2 Café,7.29
Visa,2018-04-02,Starbucks,10.0
Checking,2018-04-02,Starbucks,10.0
Checking,2018-04-03,Spyhouse Coffee,15.25
Checking,2018-04-03,Starbucks,25.0
Checking,2018-04-10,Caribou,4.4
Checking,2018-04-11,Starbucks,25.0
Checking,2018-04-13,Caribou,4.18
Checking,2018-04-16,Dunn Brothers Coffee,2.15
Checking,2018-04-16,Starbucks,25.0
Checking,2018-04-17,Caribou,10.71
Checking,2018-04-23,Starbucks,25.0
Checking,2018-04-23,Starbucks,25.0
Checking,2018-04-30,Starbucks,25.0
Checking,2018-05-01,Starbucks,6.99
Checking,2018-05-02,Sencha Tea Garden,8.97
Checking,2018-05-02,Sencha Tea Garden,5.52
Checking,2018-05-03,Dunn Brothers Coffee,5.32
Visa,2018-05-03,Starbucks,25.0
Checking,2018-05-07,Black Coffee And Waffle Bar,12.97
Checking,2018-05-07,Starbucks,25.0
Checking,2018-05-09,Caribou,8.82
Checking,2018-05-11,Starbucks,8.04
Checking,2018-05-14,Starbucks,25.0
Checking,2018-05-14,Starbucks,25.0
Checking,2018-05-14,Starbucks,25.0
Checking,2018-05-16,Caribou,2.54
Checking,2018-05-16,Starbucks,25.0
Checking,2018-05-18,Starbucks,25.0
Checking,2018-05-21,Starbucks,25.0
Checking,2018-05-23,Dunn Brothers Coffee,5.67
Checking,2018-05-23,Starbucks,25.0
Checking,2018-05-24,Dunn Brothers Coffee,5.67
Checking,2018-05-25,Starbucks,25.0
Checking,2018-05-29,Starbucks,25.0
Checking,2018-06-05,Dunn Brothers Coffee,5.05
Checking,2018-06-07,Caribou,4.43
Checking,2018-06-07,Dunn Brothers Coffee,2.15
Discover,2018-06-07,Dunn Brothers Coffee,5.38
Checking,2018-06-07,Starbucks,25.0
Checking,2018-06-11,Caribou,9.98
Checking,2018-06-11,Starbucks,5.83
Checking,2018-06-14,Starbucks,4.27
Checking,2018-06-15,Studio 2 Café,4.86
Visa,2018-06-15,Starbucks,25.0
Checking,2018-06-18,Starbucks,12.09
Checking,2018-06-19,Starbucks,25.0
Checking,2018-06-20,Starbucks,5.83
Checking,2018-06-21,Caribou,2.65
Checking,2018-06-21,Starbucks,25.0
Checking,2018-06-22,Caribou,2.65
Checking,2018-06-23,Starbucks,25.0
Checking,2018-06-25,Starbucks,9.14
Checking,2018-06-28,Starbucks,25.0
Checking,2018-07-02,Starbucks,25.0
Checking,2018-07-03,Starbucks,25.0
Checking,2018-07-08,Starbucks,25.0
Checking,2018-07-09,Starbucks,25.0
Checking,2018-07-10,Caribou,2.32
Visa,2018-07-16,Starbucks,25.0
Checking,2018-07-17,Starbucks,25.0
Checking,2018-07-19,Caribou,5.43
Checking,2018-07-20,Starbucks,25.0
Checking,2018-07-25,Starbucks,4.39
Checking,2018-07-26,Caribou,2.65
Checking,2018-07-30,Studio 2 Café,3.24
Checking,2018-07-30,Starbucks,25.0
Checking,2018-08-01,Starbucks,9.32
Checking,2018-08-02,Starbucks,25.0
Checking,2018-08-08,Starbucks,25.0
Checking,2018-08-15,Starbucks,25.0
Amex,2018-08-15,Starbucks,7.66
Checking,2018-08-20,Starbucks,25.0
Checking,2018-08-27,Starbucks,25.0
Checking,2018-08-28,Starbucks,25.0
Checking,2018-09-04,Studio 2 Café,2.7
Checking,2018-09-05,Starbucks,25.0
Checking,2018-09-17,Dunn Brothers Coffee,1.9
Checking,2018-09-17,Starbucks,25.0
Checking,2018-09-20,Studio 2 Café,2.97
Checking,2018-09-21,Black Dog Coffee,15.41
Checking,2018-09-21,Starbucks,25.0
Checking,2018-10-01,Starbucks,25.0
Checking,2018-10-10,Starbucks,25.0
Checking,2018-10-15,Starbucks,25.0
Checking,2018-10-15,Starbucks,25.0
Checking,2018-10-24,Starbucks,25.0
Checking,2018-10-28,Starbucks,25.0
Checking,2018-11-06,Starbucks,25.0
Checking,2018-11-10,Starbucks,25.0
Checking,2018-11-10,Starbucks,3.71
Checking,2018-11-13,Starbucks,25.0
Checking,2018-11-19,Starbucks,25.0
Checking,2018-11-21,Starbucks,25.0
Checking,2018-11-23,Starbucks,25.0
Checking,2018-11-26,Starbucks,25.0
Checking,2018-11-29,Starbucks,25.0
Checking,2018-12-03,Java Moose,30.0
Checking,2018-12-03,Java Moose,10.5
Checking,2018-12-03,Starbucks,25.0
Checking,2018-12-10,Starbucks,25.0
Checking,2018-12-11,Starbucks,25.0
Checking,2018-12-17,Dunn Brothers Coffee,2.15
Checking,2018-12-17,Rustica Bakery,7.13
Checking,2018-12-17,Starbucks,25.0
Checking,2018-12-17,Starbucks,1.99
Checking,2018-12-19,Starbucks,25.0
Checking,2018-12-19,Starbucks,17.99
Checking,2018-12-21,Starbucks,10.0
Checking,2018-12-24,Caribou,16.42
Checking,2018-12-24,Caribou,6.23
Checking,2018-12-24,Starbucks,25.0
Checking,2018-12-24,Starbucks,25.0
Checking,2018-12-31,Rustica Bakery,5.64
Checking,2019-01-03,Starbucks,25.0
Checking,2019-01-07,Starbucks,25.0
Checking,2019-01-14,Starbucks,25.0
Checking,2019-01-22,Studio 2 Café,9.18
Checking,2019-01-22,Starbucks,25.0
Checking,2019-01-27,Starbucks,25.0
Checking,2019-01-28,Starbucks,4.14
Checking,2019-02-04,Starbucks,25.0
Checking,2019-02-04,Starbucks,25.0
Checking,2019-02-11,Caribou,9.54
Checking,2019-02-11,Starbucks,25.0
Checking,2019-02-11,Starbucks,25.0
Checking,2019-02-14,Starbucks,25.0
Checking,2019-02-22,Starbucks,25.0
Amex,2019-02-24,Starbucks,4.25
Checking,2019-03-04,Caribou,2.46
Checking,2019-03-04,Starbucks,25.0
Checking,2019-03-07,Starbucks,4.17
Checking,2019-03-07,Starbucks,25.0
Checking,2019-03-11,Starbucks,25.0
Checking,2019-03-14,Starbucks,25.0
Checking,2019-03-14,Starbucks,7.04
Checking,2019-03-14,Starbucks,6.6
Checking,2019-03-14,Starbucks,2.11
Checking,2019-03-15,Starbucks,12.04
Checking,2019-03-15,Starbucks,11.42
Checking,2019-03-18,Starbucks,4.82
Checking,2019-03-20,Starbucks,25.0
Checking,2019-03-25,Starbucks,25.0
Checking,2019-03-25,Starbucks,5.78
Checking,2019-04-01,Starbucks,25.0
Amex,2019-04-02,Starbucks,4.77
Checking,2019-04-03,Starbucks,25.0
Checking,2019-04-08,Starbucks,25.0
Checking,2019-04-08,Starbucks,25.0
Checking,2019-04-15,Starbucks,25.0
Checking,2019-04-15,Starbucks,10.96
Checking,2019-04-22,Starbucks,25.0
Checking,2019-04-22,Starbucks,50.0
Amex,2019-04-26,Starbucks,4.94
Checking,2019-04-29,Starbucks,25.0
Checking,2019-05-03,Starbucks,25.0
Checking,2019-05-06,Starbucks,25.0
Checking,2019-05-07,Starbucks,25.0
Checking,2019-05-20,Starbucks,25.0
Checking,2019-05-20,Starbucks,10.32
Checking,2019-05-21,Starbucks,25.0
Checking,2019-05-23,Starbucks,25.0
Checking,2019-05-31,Starbucks,25.0
Checking,2019-06-03,Starbucks,25.0
Checking,2019-06-05,Starbucks,25.0
Checking,2019-06-06,Starbucks,25.0
Checking,2019-06-07,Starbucks,25.0
Checking,2019-06-17,Dunn Brothers Coffee,1.9
Checking,2019-06-17,Starbucks,25.0
Checking,2019-06-18,Starbucks,25.0
Checking,2019-06-21,Starbucks,25.0
Checking,2019-06-24,Starbucks,25.0
Checking,2019-06-27,Caribou,3.88
Checking,2019-06-27,Starbucks,5.94
Checking,2019-07-08,Starbucks,25.0
Checking,2019-07-10,Starbucks,5.94
Checking,2019-07-10,Gray Fox Coffee,5.36
Checking,2019-07-15,Dunn Brothers Coffee,1.9
Checking,2019-07-16,Starbucks,25.0
Checking,2019-07-22,Starbucks,25.0
Checking,2019-07-24,Starbucks,25.0
Checking,2019-07-25,Starbucks,4.39
Checking,2019-07-29,Starbucks,25.0
Checking,2019-08-02,Starbucks,25.0
Checking,2019-08-05,Starbucks,25.0
Checking,2019-08-09,Caribou,2.59
Checking,2019-08-12,Macy's Coffee,16.24
Checking,2019-08-12,Starbucks,25.0
Checking,2019-08-12,Starbucks,25.0
Checking,2019-08-14,Caribou,2.43
Checking,2019-08-19,Starbucks,25.0
Checking,2019-08-26,Dunn Brothers Coffee,2.15
Checking,2019-08-26,Starbucks,25.0
Checking,2019-08-28,Starbucks,25.0
Checking,2019-09-01,Starbucks,25.0
Checking,2019-09-03,Starbucks,25.0
Checking,2019-09-04,Starbucks,25.0
Checking,2019-09-07,Zoe Coffee,24.75
Checking,2019-09-08,Starbucks,25.0
Checking,2019-09-10,Starbucks,4.17
Checking,2019-09-12,Starbucks,25.0
Checking,2019-09-16,Starbucks,25.0
Checking,2019-09-17,Starbucks,25.0
Checking,2019-09-18,Starbucks,9.07
Checking,2019-09-20,Dunn Brothers Coffee,1.9
Checking,2019-09-20,Starbucks,25.0
Checking,2019-09-22,Starbucks,25.0
Checking,2019-09-23,Starbucks,25.0
Checking,2019-09-24,Starbucks,25.0
Checking,2019-09-27,Starbucks,25.0
Checking,2019-09-27,Zoe Coffee,10.75
Checking,2019-09-28,Starbucks,10.0
Checking,2019-09-29,Starbucks,25.0
Checking,2019-10-03,Starbucks,25.0
Checking,2019-10-06,Starbucks,25.0
Checking,2019-10-07,Starbucks,25.0
Checking,2019-10-09,Caribou,10.62
Checking,2019-10-11,Spyhouse Coffee,22.1
Checking,2019-10-11,Starbucks,25.0
Checking,2019-10-15,Corner Coffee,30.2
Checking,2019-10-15,Starbucks,25.0
Checking,2019-10-15,Starbucks,25.0
Amex,2019-10-16,Starbucks,5.94
Checking,2019-10-16,Starbucks,25.0
Amex,2019-10-17,Caribou,2.43
Amex,2019-10-17,Starbucks,5.94
Checking,2019-10-21,Caribou,8.59
Checking,2019-10-21,Corner Coffee,2.16
Checking,2019-10-21,Starbucks,25.0
Checking,2019-10-21,Starbucks,25.0
Checking,2019-10-22,Starbucks,25.0
Checking,2019-10-23,Starbucks,25.0
Checking,2019-10-24,Starbucks,25.0
Checking,2019-10-27,Starbucks,25.0
Checking,2019-10-28,Five Watt,2.5
Checking,2019-11-01,Starbucks,25.0
Checking,2019-11-04,World Cup,10.25
Checking,2019-11-05,Starbucks,25.0
Checking,2019-11-08,Starbucks,25.0
Checking,2019-11-11,Starbucks,25.0
Checking,2019-11-12,Caribou,4.83
Checking,2019-11-12,Caribou,2.89
Checking,2019-11-14,Starbucks,25.0
Checking,2019-11-15,Corner Coffee,11.24
Checking,2019-11-18,Starbucks,25.0
Checking,2019-11-21,Starbucks,25.0
Checking,2019-11-25,Starbucks,25.0
Checking,2019-11-27,Starbucks,25.0
Checking,2019-11-30,Starbucks,25.0
Checking,2019-12-03,Starbucks,25.0
Checking,2019-12-09,Starbucks,25.0
Checking,2019-12-11,Starbucks,25.0
Checking,2019-12-16,Starbucks,25.0
Checking,2019-12-18,Starbucks,25.0
Checking,2019-12-23,Dunn Brothers Coffee,2.15
Checking,2019-12-23,Starbucks,25.0
Checking,2019-12-23,Starbucks,25.0
Checking,2019-12-27,Starbucks,25.0
Checking,2019-12-30,Starbucks,25.0
Checking,2019-12-31,Caribou,4.4
Checking,2020-01-06,Dunn Brothers Coffee,2.15
Checking,2020-01-09,Starbucks,25.0
Checking,2020-01-13,Starbucks,25.0
Checking,2020-01-13,Starbucks,6.02
Checking,2020-01-21,Dunn Brothers Coffee,2.15
Checking,2020-01-21,Starbucks,10.32
Checking,2020-01-24,Starbucks,25.0
Checking,2020-01-27,Starbucks,25.0
Checking,2020-02-03,Starbucks,25.0
Checking,2020-02-05,Starbucks,25.0
Checking,2020-02-14,Starbucks,25.0
Checking,2020-02-18,Corner Coffee,14.0
Checking,2020-02-18,Starbucks,25.0
Checking,2020-02-19,Starbucks,25.0
Checking,2020-02-27,Starbucks,25.0
Checking,2020-03-02,Dunn Brothers Coffee,3.36
Checking,2020-03-02,Starbucks,25.0
Checking,2020-03-03,Starbucks,25.0
Checking,2020-03-04,Starbucks,25.0
Checking,2020-03-09,Starbucks,25.0
Checking,2020-03-11,Starbucks,25.0
Checking,2020-03-13,True Stone,4.5
Checking,2020-03-13,Starbucks,25.0
Checking,2020-03-30,Starbucks,25.0
Checking,2020-04-20,Starbucks,25.0
Checking,2020-04-30,Starbucks,25.0
Checking,2020-05-06,Starbucks,25.0
Checking,2020-05-15,Starbucks,25.0
Checking,2020-05-18,Starbucks,25.0
Checking,2020-05-26,Starbucks,25.0
Checking,2020-05-27,Starbucks,25.0
Checking,2020-06-03,Starbucks,25.0
Checking,2020-06-08,Starbucks,25.0
Checking,2020-06-11,Starbucks,25.0
Checking,2020-06-22,Starbucks,25.0
Checking,2020-06-22,Starbucks,25.0
Checking,2020-07-02,Starbucks,25.0
Checking,2020-07-06,Starbucks,25.0
Checking,2020-07-08,Starbucks,25.0
Checking,2020-07-14,Starbucks,25.0
Checking,2020-07-20,Starbucks,25.0
Checking,2020-07-31,Starbucks,25.0
Checking,2020-08-03,Starbucks,25.0
Checking,2020-08-10,Starbucks,25.0
Checking,2020-08-20,Starbucks,25.0
Checking,2020-08-21,Starbucks,25.0
Checking,2020-08-28,Starbucks,25.0
Amex,2020-08-30,Starbucks,10.53
Checking,2020-08-31,Starbucks,25.0
Amex,2020-09-02,Starbucks,5.02
Checking,2020-09-04,Starbucks,25.0
Checking,2020-09-08,Starbucks,25.0
Checking,2020-09-14,Starbucks,25.0
Checking,2020-09-14,Starbucks,25.0
Checking,2020-09-18,Starbucks,35.0
Checking,2020-09-22,Dogwood Coffee,3.97
Checking,2020-09-22,Starbucks,25.0
Checking,2020-09-24,Starbucks,25.0
Checking,2020-09-28,Starbucks,30.0
Checking,2020-10-05,Starbucks,25.0
Checking,2020-10-06,Starbucks,35.0
Checking,2020-10-08,Caribou,35.0
Checking,2020-10-09,Starbucks,35.0
Checking,2020-10-09,Starbucks,25.0
Checking,2020-10-13,Starbucks,35.0
Checking,2020-10-19,Starbucks,30.0
Checking,2020-10-20,Starbucks,30.0
Checking,2020-10-21,Starbucks,30.0
Checking,2020-10-26,Isles and Bun Coffee,14.13
Checking,2020-10-26,Starbucks,25.0
Checking,2020-10-27,Starbucks,35.0
Checking,2020-10-30,Starbucks,30.0
Checking,2020-11-02,Starbucks,35.0
Checking,2020-11-05,Starbucks,30.0
Checking,2020-11-09,Starbucks,35.0
Checking,2020-11-12,Starbucks,30.0
Checking,2020-11-16,Starbucks,30.0
Checking,2020-11-17,Starbucks,30.0
Checking,2020-11-19,Starbucks,30.0
Checking,2020-11-23,Starbucks,30.0
Checking,2020-11-25,Starbucks,30.0
Checking,2020-11-30,Starbucks,30.0
Checking,2020-12-02,Starbucks,30.0
Checking,2020-12-04,Starbucks,30.0
Checking,2020-12-08,Starbucks,30.0
Checking,2020-12-11,Starbucks,30.0
Checking,2020-12-16,Starbucks,30.0
Checking,2020-12-18,Caribou,35.0
Amex,2020-12-19,Starbucks,30.0
Amex,2020-12-28,Starbucks,30.0
Checking,2021-01-04,Starbucks,30.0
Amex,2021-01-09,Starbucks,30.0
Amex,2021-01-12,Starbucks,4.46
Checking,2021-01-12,Starbucks,17.55
Checking,2021-01-14,Starbucks,30.0
Checking,2021-01-19,Dunn Brothers Coffee,2.0
Checking,2021-01-19,Starbucks,30.0
Checking,2021-01-21,Starbucks,30.0
Checking,2021-01-22,Starbucks,25.0
Amex,2021-01-27,Starbucks,4.48
Amex,2021-01-31,Starbucks,25.0
Checking,2021-02-01,Starbucks,30.0
Checking,2021-02-16,Dunn Brothers Coffee,2.0
Checking,2021-02-16,Starbucks,30.0
Checking,2021-02-16,Starbucks,30.0
Checking,2021-02-16,Starbucks,25.0
Checking,2021-02-19,Starbucks,25.0
Checking,2021-03-01,Starbucks,10.64
Checking,2021-03-07,Starbucks,25.99
Checking,2021-03-08,Starbucks,25.0
Checking,2021-03-15,Starbucks,10.64
Checking,2021-03-19,Starbucks,25.0
Checking,2021-03-22,Starbucks,25.0
Amex,2021-03-24,Starbucks,30.0
Checking,2021-03-29,Starbucks,30.0
Checking,2021-03-31,Starbucks,30.0
Checking,2021-04-09,Starbucks,18.8
Checking,2021-04-12,Starbucks,25.0
Checking,2021-04-12,Starbucks,10.34
Amex,2021-04-16,Caribou,35.0
Checking,2021-04-19,Starbucks,35.0
Checking,2021-04-23,Starbucks,25.0
Checking,2021-05-03,Starbucks,10.08
Checking,2021-05-10,Starbucks,30.0
Checking,2021-05-17,Starbucks,30.0
Checking,2021-05-24,Starbucks,30.0
Checking,2021-06-01,Starbucks,10.34
Checking,2021-06-07,Starbucks,30.0
Checking,2021-06-07,Starbucks,30.0
Checking,2021-06-08,Starbucks,30.0
Checking,2021-06-14,COFFEE PAW CAFE,20.57
Checking,2021-06-21,Starbucks,30.0
Checking,2021-06-29,Starbucks,30.0
Checking,2021-07-03,James Coffee,13.18
Checking,2021-07-03,Starbucks,30.0
Checking,2021-07-06,James Coffee,22.18
Checking,2021-07-06,Starbucks,30.0
Checking,2021-07-06,Starbucks,5.55
Checking,2021-07-12,Starbucks,30.0
Checking,2021-07-26,Starbucks,30.0
Amex,2021-07-28,Starbucks,4.23
Checking,2021-08-02,Starbucks,30.0
Checking,2021-08-04,Starbucks,30.0
Checking,2021-08-15,Starbucks,30.0
Checking,2021-08-16,Starbucks,12.05
Checking,2021-08-23,Sencha Tea Garden,11.87
Checking,2021-08-23,Starbucks,30.0
Checking,2021-08-30,Starbucks,30.0
Checking,2021-09-07,Starbucks,12.05
Checking,2021-09-13,Starbucks,30.0
Checking,2021-09-20,Starbucks,30.0
Checking,2021-09-27,Starbucks,30.0
Checking,2021-10-03,Starbucks,30.0
Amex,2021-10-11,Starbucks,30.0
Checking,2021-10-18,Starbucks,30.0
Checking,2021-10-21,Target Store,8.68
Checking,2021-10-29,Starbucks,30.0
Checking,2021-11-01,Starbucks,30.0
Checking,2021-11-08,Creators Cup,10.63
Checking,2021-11-08,Starbucks,30.0
Checking,2021-11-15,Starbucks,30.0
Checking,2021-11-15,Starbucks,8.73
Checking,2021-11-18,Target Store,5.15
Checking,2021-11-22,Caribou,30.0
Checking,2021-11-22,Starbucks,30.0
Checking,2021-12-02,Starbucks,25.0
Checking,2021-12-05,Starbucks,30.0
Checking,2021-12-07,Urban Coffee,6.15
Checking,2021-12-13,Starbucks,30.0
Checking,2021-12-13,Target Store,5.54
Checking,2021-12-21,Starbucks,25.0
Checking,2021-12-21,Target Store,4.63
Checking,2021-12-29,Starbucks,30.0
Checking,2022-01-03,Starbucks,30.0
Checking,2022-01-18,Starbucks,1.21
Checking,2022-01-20,Starbucks,18.25
Checking,2022-01-21,Urban Coffee,4.74
Checking,2022-01-24,Starbucks,10.42
Checking,2022-01-24,Starbucks,8.59
Checking,2022-01-26,Starbucks,4.57
Checking,2022-01-28,Starbucks,8.85
Checking,2022-01-31,Caribou,11.71
Checking,2022-02-04,Caribou,20.0
Checking,2022-02-07,Caribou,10.68
Checking,2022-02-14,Caribou,25.0
Checking,2022-02-14,Caribou,12.44
Checking,2022-02-15,Starbucks,12.13
Checking,2022-02-22,Rustica Bakery,9.84
Checking,2022-02-25,Starbucks,4.8
Checking,2022-03-07,Caribou,10.82
Checking,2022-03-07,Starbucks,9.34
Checking,2022-03-11,Starbucks,5.22
Checking,2022-03-13,Starbucks,30.0
Checking,2022-03-14,Caribou,15.0
Checking,2022-03-18,Starbucks,10.46
Checking,2022-03-21,Starbucks,4.57
Checking,2022-03-21,Urban Coffee,13.46
Checking,2022-03-25,Starbucks,6.39
Checking,2022-03-25,Urban Coffee,6.88
Checking,2022-04-01,Urban Coffee,6.88
Checking,2022-04-04,Caribou,25.0
Checking,2022-04-04,Starbucks,6.8
Checking,2022-04-04,Starbucks,6.42
Checking,2022-04-04,Starbucks,4.8
Checking,2022-04-08,Urban Coffee,9.62
Checking,2022-04-11,Starbucks,30.0
Checking,2022-04-14,Urban Coffee,14.96
Checking,2022-04-15,Urban Coffee,10.82
Checking,2022-04-19,Caribou,30.0
Checking,2022-04-22,Urban Coffee,6.08
Checking,2022-04-29,Starbucks,6.39
Checking,2022-04-29,Urban Coffee,10.62
Checking,2022-05-02,Caribou,8.48
Checking,2022-05-06,Urban Coffee,9.82
Checking,2022-05-13,Starbucks,4.81
Checking,2022-05-16,Starbucks,30.0
Checking,2022-05-20,Urban Coffee,6.08
Checking,2022-05-20,Urban Coffee,6.08
Checking,2022-05-23,Starbucks,30.0
Checking,2022-05-27,Urban Coffee,12.9
Checking,2022-05-31,Starbucks,30.0
Checking,2022-05-31,Starbucks,30.0
Checking,2022-06-03,Urban Coffee,6.08
Checking,2022-06-07,Starbucks,30.0
Checking,2022-06-10,Urban Coffee,9.82
Checking,2022-06-12,Caribou,0.52
Checking,2022-06-17,Urban Coffee,6.88
Checking,2022-06-21,Starbucks,30.0
Checking,2022-06-21,Starbucks,30.0
Checking,2022-06-21,True Stone Coffee-,31.36
Checking,2022-06-21,True Stone Coffee-,6.17
Checking,2022-06-22,Sencha Tea Garden,7.29
Checking,2022-06-23,Starbucks,30.0
Visa,2022-06-23,Urban Coffee,7.88
Checking,2022-06-24,Urban Coffee,6.88
Checking,2022-06-27,Starbucks,10.42
Checking,2022-06-29,Starbucks,25.0
Checking,2022-06-30,Urban Coffee,6.88
Checking,2022-07-01,Target Store,4.63
Checking,2022-07-05,Peet's Coffee & Tea,6.45
Checking,2022-07-05,Starbucks,35.0
Checking,2022-07-05,Starbucks,25.0
Checking,2022-07-05,Urban Coffee,7.48
Checking,2022-07-08,Urban Coffee,12.9
Checking,2022-07-11,Caribou,6.84
Checking,2022-07-11,Starbucks,35.0
Checking,2022-07-15,Urban Coffee,8.48
Checking,2022-07-18,Caribou,25.0
Checking,2022-07-22,Urban Coffee,12.9
Checking,2022-07-25,Starbucks,30.0
Checking,2022-07-29,Urban Coffee,12.9
Checking,2022-08-05,Urban Coffee,12.9
Checking,2022-08-05,Urban Coffee,12.9
Checking,2022-08-12,Urban Coffee,12.9
Checking,2022-08-15,Caribou,15.43
Checking,2022-08-16,Urban Coffee,27.04
Checking,2022-08-19,Urban Coffee,12.9
Checking,2022-08-21,Caribou,25.0
Checking,2022-08-24,Starbucks,30.0
Checking,2022-08-24,Target Store,5.64
Checking,2022-08-26,Urban Coffee,12.9
Checking,2022-09-02,Urban Coffee,20.27
Checking,2022-09-06,Starbucks,30.0
Checking,2022-09-16,Urban Coffee,7.48
Checking,2022-09-20,Starbucks,30.0
Checking,2022-09-26,Starbucks,30.0
Checking,2022-09-26,Urban Coffee,7.41
Checking,2022-09-28,Urban Coffee,28.58
Checking,2022-10-03,Starbucks,30.0
Checking,2022-10-03,Urban Coffee,6.41
Checking,2022-10-06,Urban Coffee,8.48
Checking,2022-10-11,Caribou,25.0
Checking,2022-10-11,Caribou,6.75
Checking,2022-10-11,ROASTING PLANT COFFEE,4.47
Checking,2022-10-12,Starbucks,25.0
Checking,2022-10-14,Starbucks,25.0
Checking,2022-10-24,Rustica Bakery,9.78
Checking,2022-10-24,Starbucks,30.0
Checking,2022-10-28,Urban Coffee,10.62
Checking,2022-10-31,Starbucks,30.0
Checking,2022-11-04,Urban Coffee,10.15
Checking,2022-11-07,Starbucks,30.0
Visa,2022-11-09,Urban Coffee,11.99
Checking,2022-11-21,Starbucks,30.0
Checking,2022-11-22,Urban Coffee,11.67
Checking,2022-11-25,Starbucks,30.0
Checking,2022-11-28,Starbucks,30.0
Checking,2022-12-02,Urban Coffee,13.89
Checking,2022-12-05,Starbucks,30.0
Checking,2022-12-12,Starbucks,30.0
Checking,2022-12-13,Starbucks,30.0
Checking,2022-12-19,Starbucks,30.0
Checking,2022-12-29,Starbucks,30.0
Checking,2023-01-03,Starbucks,30.0
Checking,2023-01-09,Starbucks,30.0
Checking,2023-01-12,Starbucks,25.0
Checking,2023-01-19,Urban Coffee,19.06
Checking,2023-01-23,Starbucks,30.0
Checking,2023-01-23,Starbucks,25.0
Checking,2023-02-06,Starbucks,30.0
Checking,2023-02-10,Starbucks,25.0
Checking,2023-02-13,Starbucks,25.0
Visa,2023-02-14,Starbucks,12.29
Visa,2023-02-18,Starbucks,5.13
Checking,2023-02-21,Rustica Bakery,6.04
Checking,2023-02-21,Starbucks,30.0
Checking,2023-02-24,Starbucks,25.0
Visa,2023-02-27,Starbucks,13.31
Checking,2023-02-27,Starbucks,30.0
Checking,2023-03-07,Starbucks,30.0
Checking,2023-03-13,Foolish Things,11.44
Checking,2023-03-13,Starbucks,30.0
Checking,2023-03-13,Starbucks,25.0
Checking,2023-03-20,Starbucks,30.0
Checking,2023-03-27,Starbucks,30.0
Checking,2023-04-03,Starbucks,30.0
Checking,2023-04-17,Starbucks,30.0
Checking,2023-04-21,Starbucks,30.0
Visa,2023-05-01,Starbucks,5.11
Checking,2023-05-01,Starbucks,30.0
Checking,2023-05-09,Starbucks,30.0
Checking,2023-05-12,Starbucks,30.0
Checking,2023-05-18,Starbucks,30.0
Visa,2023-05-22,Farm City,9.83
Visa,2023-05-22,Kijiji Coffee,8.06
Checking,2023-05-22,Starbucks,30.0
